x,y,z,V_e,V_n,V_d,phi,theta,psi,p,q,r,vx,vy,vz,timestamp
414.2665710449219,-363.3196716308594,-74.76868438720703,18.34640884399414,-10.289835929870605,-0.5357911586761475,-0.0003624604141805321,-0.07066689431667328,-0.5059242844581604,-0.00725116953253746,-0.2145744115114212,0.007814666256308556,18.34640884399414,-10.289835929870605,-0.5357911586761475,24.35936737060547
414.2665710449219,-363.3196716308594,-74.76868438720703,18.34640884399414,-10.289835929870605,-0.5357911586761475,-0.0003624604141805321,-0.07066689431667328,-0.5059242844581604,-0.00725116953253746,-0.2145744115114212,0.007814666256308556,18.34640884399414,-10.289835929870605,-0.5357911586761475,24.361161947250366
416.1201477050781,-364.35845947265625,-74.79032135009766,18.426137924194336,-10.333291053771973,-0.018930939957499504,-0.0003624604141805321,-0.07066689431667328,-0.5059242844581604,-0.00725116953253746,-0.2145744115114212,0.007814666256308556,18.426137924194336,-10.333291053771973,-0.018930939957499504,24.366501808166504
416.1201477050781,-364.35845947265625,-74.79032135009766,18.426137924194336,-10.333291053771973,-0.018930939957499504,-0.0009938536677509546,-0.08925561606884003,-0.5051809549331665,-0.0014747732784599066,-0.153957799077034,0.005934942048043013,18.426137924194336,-10.333291053771973,-0.018930939957499504,24.45851445198059
416.1201477050781,-364.35845947265625,-74.79032135009766,18.426137924194336,-10.333291053771973,-0.018930939957499504,-0.0009938536677509546,-0.08925561606884003,-0.5051809549331665,-0.0014747732784599066,-0.153957799077034,0.005934942048043013,18.426137924194336,-10.333291053771973,-0.018930939957499504,24.459834098815918
417.98095703125,-365.401611328125,-74.76483154296875,18.50716781616211,-10.379100799560547,0.41998133063316345,-0.0009938536677509546,-0.08925561606884003,-0.5051809549331665,-0.0014747732784599066,-0.153957799077034,0.005934942048043013,18.50716781616211,-10.379100799560547,0.41998133063316345,24.465232133865356
417.98095703125,-365.401611328125,-74.76483154296875,18.50716781616211,-10.379100799560547,0.41998133063316345,-0.0010104636894538999,-0.0930330827832222,-0.5050683617591858,0.002156377537176013,0.05633920431137085,0.0031114905141294003,18.50716781616211,-10.379100799560547,0.41998133063316345,24.557984828948975
417.98095703125,-365.401611328125,-74.76483154296875,18.50716781616211,-10.379100799560547,0.41998133063316345,-0.0010104636894538999,-0.0930330827832222,-0.5050683617591858,0.002156377537176013,0.05633920431137085,0.0031114905141294003,18.50716781616211,-10.379100799560547,0.41998133063316345,24.559487342834473
419.8506774902344,-366.44952392578125,-74.70331573486328,18.59579086303711,-10.426294326782227,0.6595825552940369,-0.0010104636894538999,-0.0930330827832222,-0.5050683617591858,0.002156377537176013,0.05633920431137085,0.0031114905141294003,18.59579086303711,-10.426294326782227,0.6595825552940369,24.56472158432007
419.8506774902344,-366.44952392578125,-74.70331573486328,18.59579086303711,-10.426294326782227,0.6595825552940369,-0.0011249117087572813,-0.07133316993713379,-0.5054959058761597,-0.0012917900457978249,0.3193405270576477,-0.0017133979126811028,18.59579086303711,-10.426294326782227,0.6595825552940369,24.657102823257446
419.8506774902344,-366.44952392578125,-74.70331573486328,18.59579086303711,-10.426294326782227,0.6595825552940369,-0.0011249117087572813,-0.07133316993713379,-0.5054959058761597,-0.0012917900457978249,0.3193405270576477,-0.0017133979126811028,18.59579086303711,-10.426294326782227,0.6595825552940369,24.65792202949524
421.72271728515625,-367.49859619140625,-74.64254760742188,18.679420471191406,-10.472736358642578,0.4455050528049469,-0.0011249117087572813,-0.07133316993713379,-0.5054959058761597,-0.0012917900457978249,0.3193405270576477,-0.0017133979126811028,18.679420471191406,-10.472736358642578,0.4455050528049469,24.662704706192017
421.72271728515625,-367.49859619140625,-74.64254760742188,18.679420471191406,-10.472736358642578,0.4455050528049469,-0.0008501879638060927,-0.027630329132080078,-0.505559504032135,0.00486738933250308,0.49090486764907837,0.0019454790744930506,18.679420471191406,-10.472736358642578,0.4455050528049469,24.75629758834839
421.72271728515625,-367.49859619140625,-74.64254760742188,18.679420471191406,-10.472736358642578,0.4455050528049469,-0.0008501879638060927,-0.027630329132080078,-0.505559504032135,0.00486738933250308,0.49090486764907837,0.0019454790744930506,18.679420471191406,-10.472736358642578,0.4455050528049469,24.75696349143982
423.5901184082031,-368.5451965332031,-74.63323211669922,18.724096298217773,-10.498774528503418,-0.28137263655662537,-0.0008501879638060927,-0.027630329132080078,-0.505559504032135,0.00486738933250308,0.49090486764907837,0.0019454790744930506,18.724096298217773,-10.498774528503418,-0.28137263655662537,24.760714769363403
423.5901184082031,-368.5451965332031,-74.63323211669922,18.724096298217773,-10.498774528503418,-0.28137263655662537,-0.0002195764536736533,0.02513585053384304,-0.504912793636322,0.012674978002905846,0.5325052738189697,0.004767916165292263,18.724096298217773,-10.498774528503418,-0.28137263655662537,24.86170506477356
423.5901184082031,-368.5451965332031,-74.63323211669922,18.724096298217773,-10.498774528503418,-0.28137263655662537,-0.0002195764536736533,0.02513585053384304,-0.504912793636322,0.012674978002905846,0.5325052738189697,0.004767916165292263,18.724096298217773,-10.498774528503418,-0.28137263655662537,24.86331009864807
425.4565124511719,-369.59130859375,-74.7157974243164,18.68461036682129,-10.475900650024414,-1.3254938125610352,-0.0002195764536736533,0.02513585053384304,-0.504912793636322,0.012674978002905846,0.5325052738189697,0.004767916165292263,18.68461036682129,-10.475900650024414,-1.3254938125610352,24.86925482749939
425.4565124511719,-369.59130859375,-74.7157974243164,18.68461036682129,-10.475900650024414,-1.3254938125610352,0.0011269239475950599,0.07472875714302063,-0.50441974401474,0.0118505097925663,0.4574468731880188,0.007900296710431576,18.68461036682129,-10.475900650024414,-1.3254938125610352,24.961405515670776
425.4565124511719,-369.59130859375,-74.7157974243164,18.68461036682129,-10.475900650024414,-1.3254938125610352,0.0011269239475950599,0.07472875714302063,-0.50441974401474,0.0118505097925663,0.4574468731880188,0.007900296710431576,18.68461036682129,-10.475900650024414,-1.3254938125610352,24.962719917297363
427.30718994140625,-370.6282043457031,-74.91455078125,18.551137924194336,-10.39568042755127,-2.4154093265533447,0.0011269239475950599,0.07472875714302063,-0.50441974401474,0.0118505097925663,0.4574468731880188,0.007900296710431576,18.551137924194336,-10.39568042755127,-2.4154093265533447,24.967232704162598
427.30718994140625,-370.6282043457031,-74.91455078125,18.551137924194336,-10.39568042755127,-2.4154093265533447,0.0017647274071350694,0.11097272485494614,-0.5043472051620483,0.010524922981858253,0.2960692346096039,-0.0011733064893633127,18.551137924194336,-10.39568042755127,-2.4154093265533447,25.060701608657837
427.30718994140625,-370.6282043457031,-74.91455078125,18.551137924194336,-10.39568042755127,-2.4154093265533447,0.0017647274071350694,0.11097272485494614,-0.5043472051620483,0.010524922981858253,0.2960692346096039,-0.0011733064893633127,18.551137924194336,-10.39568042755127,-2.4154093265533447,25.061383724212646
429.14239501953125,-371.6559143066406,-75.21253204345703,18.36870765686035,-10.285385131835938,-3.2992188930511475,0.0017647274071350694,0.11097272485494614,-0.5043472051620483,0.010524922981858253,0.2960692346096039,-0.0011733064893633127,18.36870765686035,-10.285385131835938,-3.2992188930511475,25.06511402130127
429.14239501953125,-371.6559143066406,-75.21253204345703,18.36870765686035,-10.285385131835938,-3.2992188930511475,0.002130337292328477,0.13038691878318787,-0.504659116268158,0.0004476429894566536,0.12301576882600784,-0.0024623749777674675,18.36870765686035,-10.285385131835938,-3.2992188930511475,25.16001605987549
429.14239501953125,-371.6559143066406,-75.21253204345703,18.36870765686035,-10.285385131835938,-3.2992188930511475,0.002130337292328477,0.13038691878318787,-0.504659116268158,0.0004476429894566536,0.12301576882600784,-0.0024623749777674675,18.36870765686035,-10.285385131835938,-3.2992188930511475,25.16087007522583
430.95404052734375,-372.66949462890625,-75.58335876464844,18.19154167175293,-10.179948806762695,-3.847740888595581,0.002130337292328477,0.13038691878318787,-0.504659116268158,0.0004476429894566536,0.12301576882600784,-0.0024623749777674675,18.19154167175293,-10.179948806762695,-3.847740888595581,25.16480588912964
430.95404052734375,-372.66949462890625,-75.58335876464844,18.19154167175293,-10.179948806762695,-3.847740888595581,0.0017370075220242143,0.13156530261039734,-0.5042308568954468,-0.010790901258587837,-0.05754312500357628,0.0040501137264072895,18.19154167175293,-10.179948806762695,-3.847740888595581,25.259519338607788
430.95404052734375,-372.66949462890625,-75.58335876464844,18.19154167175293,-10.179948806762695,-3.847740888595581,0.0017370075220242143,0.13156530261039734,-0.5042308568954468,-0.010790901258587837,-0.05754312500357628,0.0040501137264072895,18.19154167175293,-10.179948806762695,-3.847740888595581,25.26038956642151
432.7525329589844,-373.67510986328125,-75.98872375488281,18.059757232666016,-10.100425720214844,-4.024271488189697,0.0017370075220242143,0.13156530261039734,-0.5042308568954468,-0.010790901258587837,-0.05754312500357628,0.0040501137264072895,18.059757232666016,-10.100425720214844,-4.024271488189697,25.26374912261963
432.7525329589844,-373.67510986328125,-75.98872375488281,18.059757232666016,-10.100425720214844,-4.024271488189697,0.00116867630276829,0.11697492748498917,-0.5041402578353882,-0.003086601849645376,-0.19627755880355835,0.001353094121441245,18.059757232666016,-10.100425720214844,-4.024271488189697,25.358722686767578
432.7525329589844,-373.67510986328125,-75.98872375488281,18.059757232666016,-10.100425720214844,-4.024271488189697,0.00116867630276829,0.11697492748498917,-0.5041402578353882,-0.003086601849645376,-0.19627755880355835,0.001353094121441245,18.059757232666016,-10.100425720214844,-4.024271488189697,25.360093116760254
434.5390625,-374.6732482910156,-76.39158630371094,17.998985290527344,-10.059959411621094,-3.8515732288360596,0.00116867630276829,0.11697492748498917,-0.5041402578353882,-0.003086601849645376,-0.19627755880355835,0.001353094121441245,17.998985290527344,-10.059959411621094,-3.8515732288360596,25.364914178848267
434.5390625,-374.6732482910156,-76.39158630371094,17.998985290527344,-10.059959411621094,-3.8515732288360596,0.0009312913753092289,0.09137611091136932,-0.5045724511146545,-0.0037042424082756042,-0.2873064875602722,-0.00489348778501153,17.998985290527344,-10.059959411621094,-3.8515732288360596,25.45803213119507
434.5390625,-374.6732482910156,-76.39158630371094,17.998985290527344,-10.059959411621094,-3.8515732288360596,0.0009312913753092289,0.09137611091136932,-0.5045724511146545,-0.0037042424082756042,-0.2873064875602722,-0.00489348778501153,17.998985290527344,-10.059959411621094,-3.8515732288360596,25.458916425704956
436.3258361816406,-375.6708984375,-76.761474609375,17.996187210083008,-10.053278923034668,-3.4141979217529297,0.0009312913753092289,0.09137611091136932,-0.5045724511146545,-0.0037042424082756042,-0.2873064875602722,-0.00489348778501153,17.996187210083008,-10.053278923034668,-3.4141979217529297,25.464505672454834
436.3258361816406,-375.6708984375,-76.761474609375,17.996187210083008,-10.053278923034668,-3.4141979217529297,-0.0005023966077715158,0.05995144695043564,-0.5055006742477417,-0.014063473790884018,-0.32756662368774414,-0.012843600474298,17.996187210083008,-10.053278923034668,-3.4141979217529297,25.557278871536255
436.3258361816406,-375.6708984375,-76.761474609375,17.996187210083008,-10.053278923034668,-3.4141979217529297,-0.0005023966077715158,0.05995144695043564,-0.5055006742477417,-0.014063473790884018,-0.32756662368774414,-0.012843600474298,17.996187210083008,-10.053278923034668,-3.4141979217529297,25.557870149612427
438.11407470703125,-376.6687316894531,-77.07518768310547,18.02731704711914,-10.07442569732666,-2.8082971572875977,-0.0005023966077715158,0.05995144695043564,-0.5055006742477417,-0.014063473790884018,-0.32756662368774414,-0.012843600474298,18.02731704711914,-10.07442569732666,-2.8082971572875977,25.56197714805603
438.11407470703125,-376.6687316894531,-77.07518768310547,18.02731704711914,-10.07442569732666,-2.8082971572875977,-0.0016861294861882925,0.026885436847805977,-0.5064879655838013,-0.007497590500861406,-0.33914732933044434,-0.008029329590499401,18.02731704711914,-10.07442569732666,-2.8082971572875977,25.66214108467102
438.11407470703125,-376.6687316894531,-77.07518768310547,18.02731704711914,-10.07442569732666,-2.8082971572875977,-0.0016861294861882925,0.026885436847805977,-0.5064879655838013,-0.007497590500861406,-0.33914732933044434,-0.008029329590499401,18.02731704711914,-10.07442569732666,-2.8082971572875977,25.662919521331787
439.9091491699219,-377.6709899902344,-77.32699584960938,18.077552795410156,-10.109987258911133,-2.1375906467437744,-0.0016861294861882925,0.026885436847805977,-0.5064879655838013,-0.007497590500861406,-0.33914732933044434,-0.008029329590499401,18.077552795410156,-10.109987258911133,-2.1375906467437744,25.666780471801758
439.9091491699219,-377.6709899902344,-77.32699584960938,18.077552795410156,-10.109987258911133,-2.1375906467437744,-0.0025718144606798887,-0.0053546242415905,-0.5058201551437378,-0.00953618623316288,-0.30885425209999084,0.009554270654916763,18.077552795410156,-10.109987258911133,-2.1375906467437744,25.761633157730103
439.9091491699219,-377.6709899902344,-77.32699584960938,18.077552795410156,-10.109987258911133,-2.1375906467437744,-0.0025718144606798887,-0.0053546242415905,-0.5058201551437378,-0.00953618623316288,-0.30885425209999084,0.009554270654916763,18.077552795410156,-10.109987258911133,-2.1375906467437744,25.76228952407837
441.70947265625,-378.67681884765625,-77.50666046142578,18.13654899597168,-10.15063762664795,-1.450149416923523,-0.0025718144606798887,-0.0053546242415905,-0.5058201551437378,-0.00953618623316288,-0.30885425209999084,0.009554270654916763,18.13654899597168,-10.15063762664795,-1.450149416923523,25.76649260520935
441.70947265625,-378.67681884765625,-77.50666046142578,18.13654899597168,-10.15063762664795,-1.450149416923523,-0.0029417492914944887,-0.03482305258512497,-0.5044334530830383,0.004683663137257099,-0.2806806266307831,0.011952772736549377,18.13654899597168,-10.15063762664795,-1.450149416923523,25.86121392250061
441.70947265625,-378.67681884765625,-77.50666046142578,18.13654899597168,-10.15063762664795,-1.450149416923523,-0.0029417492914944887,-0.03482305258512497,-0.5044334530830383,0.004683663137257099,-0.2806806266307831,0.011952772736549377,18.13654899597168,-10.15063762664795,-1.450149416923523,25.86275577545166
443.52587890625,-379.6922607421875,-77.61713409423828,18.20462989807129,-10.188216209411621,-0.8109059929847717,-0.0029417492914944887,-0.03482305258512497,-0.5044334530830383,0.004683663137257099,-0.2806806266307831,0.011952772736549377,18.20462989807129,-10.188216209411621,-0.8109059929847717,25.867300748825073
443.52587890625,-379.6922607421875,-77.61713409423828,18.20462989807129,-10.188216209411621,-0.8109059929847717,-0.0011604255996644497,-0.06005791574716568,-0.5035091042518616,0.019821153953671455,-0.22259052097797394,0.008078140206634998,18.20462989807129,-10.188216209411621,-0.8109059929847717,25.96013641357422
443.52587890625,-379.6922607421875,-77.61713409423828,18.20462989807129,-10.188216209411621,-0.8109059929847717,-0.0011604255996644497,-0.06005791574716568,-0.5035091042518616,0.019821153953671455,-0.22259052097797394,0.008078140206634998,18.20462989807129,-10.188216209411621,-0.8109059929847717,25.961458444595337
445.3742370605469,-380.7253112792969,-77.66436004638672,18.287599563598633,-10.226923942565918,-0.2372317612171173,-0.0011604255996644497,-0.06005791574716568,-0.5035091042518616,0.019821153953671455,-0.22259052097797394,0.008078140206634998,18.287599563598633,-10.226923942565918,-0.2372317612171173,25.966407775878906
445.3742370605469,-380.7253112792969,-77.66436004638672,18.287599563598633,-10.226923942565918,-0.2372317612171173,0.00019316414545755833,-0.07881835103034973,-0.5039572715759277,0.005664019379764795,-0.16048164665699005,-0.009269960224628448,18.287599563598633,-10.226923942565918,-0.2372317612171173,26.05938720703125
445.3742370605469,-380.7253112792969,-77.66436004638672,18.287599563598633,-10.226923942565918,-0.2372317612171173,0.00019316414545755833,-0.07881835103034973,-0.5039572715759277,0.005664019379764795,-0.16048164665699005,-0.009269960224628448,18.287599563598633,-10.226923942565918,-0.2372317612171173,26.060107946395874
447.21923828125,-381.75592041015625,-77.66062927246094,18.372142791748047,-10.268048286437988,0.21544156968593597,0.00019316414545755833,-0.07881835103034973,-0.5039572715759277,0.005664019379764795,-0.16048164665699005,-0.009269960224628448,18.372142791748047,-10.268048286437988,0.21544156968593597,26.064114570617676
447.21923828125,-381.75592041015625,-77.66062927246094,18.372142791748047,-10.268048286437988,0.21544156968593597,0.0007191321928985417,-0.09186413884162903,-0.5044943690299988,-0.0007960614748299122,-0.10266894847154617,-0.006344335153698921,18.372142791748047,-10.268048286437988,0.21544156968593597,26.159261226654053
447.21923828125,-381.75592041015625,-77.66062927246094,18.372142791748047,-10.268048286437988,0.21544156968593597,0.0007191321928985417,-0.09186413884162903,-0.5044943690299988,-0.0007960614748299122,-0.10266894847154617,-0.006344335153698921,18.372142791748047,-10.268048286437988,0.21544156968593597,26.160346031188965
449.07720947265625,-382.7930603027344,-77.61677551269531,18.46481704711914,-10.313619613647461,0.5473114252090454,0.0007191321928985417,-0.09186413884162903,-0.5044943690299988,-0.0007960614748299122,-0.10266894847154617,-0.006344335153698921,18.46481704711914,-10.313619613647461,0.5473114252090454,26.166120529174805
449.07720947265625,-382.7930603027344,-77.61677551269531,18.46481704711914,-10.313619613647461,0.5473114252090454,0.0012258031638339162,-0.09900286793708801,-0.5042833089828491,0.008416020311415195,-0.05109388008713722,0.0029268735088407993,18.46481704711914,-10.313619613647461,0.5473114252090454,26.26398253440857
449.07720947265625,-382.7930603027344,-77.61677551269531,18.46481704711914,-10.313619613647461,0.5473114252090454,0.0012258031638339162,-0.09900286793708801,-0.5042833089828491,0.008416020311415195,-0.05109388008713722,0.0029268735088407993,18.46481704711914,-10.313619613647461,0.5473114252090454,26.26584815979004
450.9451599121094,-383.83544921875,-77.54644012451172,18.560382843017578,-10.363669395446777,0.7551674246788025,0.0012258031638339162,-0.09900286793708801,-0.5042833089828491,0.008416020311415195,-0.05109388008713722,0.0029268735088407993,18.560382843017578,-10.363669395446777,0.7551674246788025,26.271024227142334
450.9451599121094,-383.83544921875,-77.54644012451172,18.560382843017578,-10.363669395446777,0.7551674246788025,0.0016796233830973506,-0.1007528081536293,-0.5042533278465271,-0.0007878546603024006,0.008050259202718735,0.002919933060184121,18.560382843017578,-10.363669395446777,0.7551674246788025,26.363834857940674
450.9451599121094,-383.83544921875,-77.54644012451172,18.560382843017578,-10.363669395446777,0.7551674246788025,0.0016796233830973506,-0.1007528081536293,-0.5042533278465271,-0.0007878546603024006,0.008050259202718735,0.002919933060184121,18.560382843017578,-10.363669395446777,0.7551674246788025,26.365187883377075
452.8246154785156,-384.8840026855469,-77.46255493164062,18.659954071044922,-10.417571067810059,0.8467594385147095,0.0016796233830973506,-0.1007528081536293,-0.5042533278465271,-0.0007878546603024006,0.008050259202718735,0.002919933060184121,18.659954071044922,-10.417571067810059,0.8467594385147095,26.371173858642578
452.8246154785156,-384.8840026855469,-77.46255493164062,18.659954071044922,-10.417571067810059,0.8467594385147095,0.0016774935647845268,-0.09584302455186844,-0.5044728517532349,-0.004863184876739979,0.07403570413589478,-0.003990390338003635,18.659954071044922,-10.417571067810059,0.8467594385147095,26.462742805480957
452.8246154785156,-384.8840026855469,-77.46255493164062,18.659954071044922,-10.417571067810059,0.8467594385147095,0.0016774935647845268,-0.09584302455186844,-0.5044728517532349,-0.004863184876739979,0.07403570413589478,-0.003990390338003635,18.659954071044922,-10.417571067810059,0.8467594385147095,26.46372127532959
454.7127685546875,-385.9374084472656,-77.37995147705078,18.755842208862305,-10.468732833862305,0.8015816807746887,0.0016774935647845268,-0.09584302455186844,-0.5044728517532349,-0.004863184876739979,0.07403570413589478,-0.003990390338003635,18.755842208862305,-10.468732833862305,0.8015816807746887,26.46957516670227
454.7127685546875,-385.9374084472656,-77.37995147705078,18.755842208862305,-10.468732833862305,0.8015816807746887,0.0011542035499587655,-0.08555854111909866,-0.5047414898872375,-0.005044602323323488,0.12234296649694443,-0.00335327279753983,18.755842208862305,-10.468732833862305,0.8015816807746887,26.56175422668457
454.7127685546875,-385.9374084472656,-77.37995147705078,18.755842208862305,-10.468732833862305,0.8015816807746887,0.0011542035499587655,-0.08555854111909866,-0.5047414898872375,-0.005044602323323488,0.12234296649694443,-0.00335327279753983,18.755842208862305,-10.468732833862305,0.8015816807746887,26.562607765197754
456.6103210449219,-386.99603271484375,-77.31051635742188,18.84221649169922,-10.516125679016113,0.6292456984519958,0.0011542035499587655,-0.08555854111909866,-0.5047414898872375,-0.005044602323323488,0.12234296649694443,-0.00335327279753983,18.84221649169922,-10.516125679016113,0.6292456984519958,26.56735873222351
456.6103210449219,-386.99603271484375,-77.31051635742188,18.84221649169922,-10.516125679016113,0.6292456984519958,-0.00044199381954967976,-0.07121720910072327,-0.5036826729774475,-0.013539988547563553,0.16452443599700928,0.012157644145190716,18.84221649169922,-10.516125679016113,0.6292456984519958,26.66129732131958
456.6103210449219,-386.99603271484375,-77.31051635742188,18.84221649169922,-10.516125679016113,0.6292456984519958,-0.00044199381954967976,-0.07121720910072327,-0.5036826729774475,-0.013539988547563553,0.16452443599700928,0.012157644145190716,18.84221649169922,-10.516125679016113,0.6292456984519958,26.66234040260315
458.5083923339844,-388.054931640625,-77.26475524902344,18.913740158081055,-10.55338191986084,0.3573552072048187,-0.00044199381954967976,-0.07121720910072327,-0.5036826729774475,-0.013539988547563553,0.16452443599700928,0.012157644145190716,18.913740158081055,-10.55338191986084,0.3573552072048187,26.668049812316895
458.5083923339844,-388.054931640625,-77.26475524902344,18.913740158081055,-10.55338191986084,0.3573552072048187,-0.0009881380246952176,-0.051917482167482376,-0.5033074021339417,-0.002095418283715844,0.20937955379486084,0.007164700422435999,18.913740158081055,-10.55338191986084,0.3573552072048187,26.760889768600464
458.5083923339844,-388.054931640625,-77.26475524902344,18.913740158081055,-10.55338191986084,0.3573552072048187,-0.0009881380246952176,-0.051917482167482376,-0.5033074021339417,-0.002095418283715844,0.20937955379486084,0.007164700422435999,18.913740158081055,-10.55338191986084,0.3573552072048187,26.761659860610962
460.4009704589844,-389.1102600097656,-77.25199890136719,18.961637496948242,-10.576700210571289,-0.016911160200834274,-0.0009881380246952176,-0.051917482167482376,-0.5033074021339417,-0.002095418283715844,0.20937955379486084,0.007164700422435999,18.961637496948242,-10.576700210571289,-0.016911160200834274,26.765055418014526
460.4009704589844,-389.1102600097656,-77.25199890136719,18.961637496948242,-10.576700210571289,-0.016911160200834274,-0.00035999788087792695,-0.028005708009004593,-0.5033628940582275,0.012909180484712124,0.25667089223861694,-0.0011944514699280262,18.961637496948242,-10.576700210571289,-0.016911160200834274,26.86019468307495
460.4009704589844,-389.1102600097656,-77.25199890136719,18.961637496948242,-10.576700210571289,-0.016911160200834274,-0.00035999788087792695,-0.028005708009004593,-0.5033628940582275,0.012909180484712124,0.25667089223861694,-0.0011944514699280262,18.961637496948242,-10.576700210571289,-0.016911160200834274,26.86139750480652
462.2947998046875,-390.1659851074219,-77.28257751464844,18.97745704650879,-10.584837913513184,-0.488287091255188,-0.00035999788087792695,-0.028005708009004593,-0.5033628940582275,0.012909180484712124,0.25667089223861694,-0.0011944514699280262,18.97745704650879,-10.584837913513184,-0.488287091255188,26.866136074066162
462.2947998046875,-390.1659851074219,-77.28257751464844,18.97745704650879,-10.584837913513184,-0.488287091255188,0.0005037748487666249,-0.0011230205418542027,-0.5035152435302734,0.004022691864520311,0.2745872735977173,-0.0060911341570317745,18.97745704650879,-10.584837913513184,-0.488287091255188,26.96445655822754
462.2947998046875,-390.1659851074219,-77.28257751464844,18.97745704650879,-10.584837913513184,-0.488287091255188,0.0005037748487666249,-0.0011230205418542027,-0.5035152435302734,0.004022691864520311,0.2745872735977173,-0.0060911341570317745,18.97745704650879,-10.584837913513184,-0.488287091255188,26.96516489982605
464.1816711425781,-391.2170715332031,-77.36833190917969,18.959495544433594,-10.567214965820312,-1.0431290864944458,0.0005037748487666249,-0.0011230205418542027,-0.5035152435302734,0.004022691864520311,0.2745872735977173,-0.0060911341570317745,18.959495544433594,-10.567214965820312,-1.0431290864944458,26.96953272819519
464.1816711425781,-391.2170715332031,-77.36833190917969,18.959495544433594,-10.567214965820312,-1.0431290864944458,0.00044601791887544096,0.026700777933001518,-0.5038898587226868,-0.004263749346137047,0.27197661995887756,0.0005324068479239941,18.959495544433594,-10.567214965820312,-1.0431290864944458,27.06387948989868
464.1816711425781,-391.2170715332031,-77.36833190917969,18.959495544433594,-10.567214965820312,-1.0431290864944458,0.00044601791887544096,0.026700777933001518,-0.5038898587226868,-0.004263749346137047,0.27197661995887756,0.0005324068479239941,18.959495544433594,-10.567214965820312,-1.0431290864944458,27.06449055671692
466.0653076171875,-392.2661437988281,-77.51085662841797,18.9017333984375,-10.534518241882324,-1.6359070539474487,0.00044601791887544096,0.026700777933001518,-0.5038898587226868,-0.004263749346137047,0.27197661995887756,0.0005324068479239941,18.9017333984375,-10.534518241882324,-1.6359070539474487,27.06859827041626
466.0653076171875,-392.2661437988281,-77.51085662841797,18.9017333984375,-10.534518241882324,-1.6359070539474487,-9.917611168930307e-05,0.05287220701575279,-0.5037676095962524,-0.004963859915733337,0.2510584592819214,0.012394504621624947,18.9017333984375,-10.534518241882324,-1.6359070539474487,27.163354873657227
466.0653076171875,-392.2661437988281,-77.51085662841797,18.9017333984375,-10.534518241882324,-1.6359070539474487,-9.917611168930307e-05,0.05287220701575279,-0.5037676095962524,-0.004963859915733337,0.2510584592819214,0.012394504621624947,18.9017333984375,-10.534518241882324,-1.6359070539474487,27.1646568775177
467.9368591308594,-393.3084716796875,-77.71259307861328,18.805362701416016,-10.481584548950195,-2.2105324268341064,-9.917611168930307e-05,0.05287220701575279,-0.5037676095962524,-0.004963859915733337,0.2510584592819214,0.012394504621624947,18.805362701416016,-10.481584548950195,-2.2105324268341064,27.17068862915039
467.9368591308594,-393.3084716796875,-77.71259307861328,18.805362701416016,-10.481584548950195,-2.2105324268341064,-0.00034639876685105264,0.07519499957561493,-0.5034233331680298,-0.0018264548853039742,0.1978641301393509,-9.471410885453224e-05,18.805362701416016,-10.481584548950195,-2.2105324268341064,27.26252508163452
467.9368591308594,-393.3084716796875,-77.71259307861328,18.805362701416016,-10.481584548950195,-2.2105324268341064,-0.00034639876685105264,0.07519499957561493,-0.5034233331680298,-0.0018264548853039742,0.1978641301393509,-9.471410885453224e-05,18.805362701416016,-10.481584548950195,-2.2105324268341064,27.26346516609192
469.79931640625,-394.3458251953125,-77.9683609008789,18.68816566467285,-10.415029525756836,-2.7191295623779297,-0.00034639876685105264,0.07519499957561493,-0.5034233331680298,-0.0018264548853039742,0.1978641301393509,-9.471410885453224e-05,18.68816566467285,-10.415029525756836,-2.7191295623779297,27.268115043640137
469.79931640625,-394.3458251953125,-77.9683609008789,18.68816566467285,-10.415029525756836,-2.7191295623779297,-0.0003447817580308765,0.0911036878824234,-0.5034436583518982,0.004933017306029797,0.13142146170139313,-0.0004147391300648451,18.68816566467285,-10.415029525756836,-2.7191295623779297,27.361703872680664
469.79931640625,-394.3458251953125,-77.9683609008789,18.68816566467285,-10.415029525756836,-2.7191295623779297,-0.0003447817580308765,0.0911036878824234,-0.5034436583518982,0.004933017306029797,0.13142146170139313,-0.0004147391300648451,18.68816566467285,-10.415029525756836,-2.7191295623779297,27.36306095123291
471.6466369628906,-395.37457275390625,-78.26952362060547,18.56348991394043,-10.343113899230957,-3.1042861938476562,-0.0003447817580308765,0.0911036878824234,-0.5034436583518982,0.004933017306029797,0.13142146170139313,-0.0004147391300648451,18.56348991394043,-10.343113899230957,-3.1042861938476562,27.36771845817566
471.6466369628906,-395.37457275390625,-78.26952362060547,18.56348991394043,-10.343113899230957,-3.1042861938476562,0.00021484305034391582,0.09995538741350174,-0.5038309693336487,0.003328364808112383,0.06174285337328911,-0.0015249934513121843,18.56348991394043,-10.343113899230957,-3.1042861938476562,27.461225271224976
471.6466369628906,-395.37457275390625,-78.26952362060547,18.56348991394043,-10.343113899230957,-3.1042861938476562,0.00021484305034391582,0.09995538741350174,-0.5038309693336487,0.003328364808112383,0.06174285337328911,-0.0015249934513121843,18.56348991394043,-10.343113899230957,-3.1042861938476562,27.462332248687744
473.4842224121094,-396.3977966308594,-78.60193634033203,18.443872451782227,-10.27808952331543,-3.345454692840576,0.00021484305034391582,0.09995538741350174,-0.5038309693336487,0.003328364808112383,0.06174285337328911,-0.0015249934513121843,18.443872451782227,-10.27808952331543,-3.345454692840576,27.467056035995483
473.4842224121094,-396.3977966308594,-78.60193634033203,18.443872451782227,-10.27808952331543,-3.345454692840576,0.0003144924994558096,0.10274476557970047,-0.5034156441688538,0.0022325413301587105,0.0015506248455494642,0.0036606574431061745,18.443872451782227,-10.27808952331543,-3.345454692840576,27.56059193611145
473.4842224121094,-396.3977966308594,-78.60193634033203,18.443872451782227,-10.27808952331543,-3.345454692840576,0.0003144924994558096,0.10274476557970047,-0.5034156441688538,0.0022325413301587105,0.0015506248455494642,0.0036606574431061745,18.443872451782227,-10.27808952331543,-3.345454692840576,27.561538219451904
475.3094482421875,-397.41375732421875,-78.95035552978516,18.34465980529785,-10.220345497131348,-3.4454774856567383,0.0003144924994558096,0.10274476557970047,-0.5034156441688538,0.0022325413301587105,0.0015506248455494642,0.0036606574431061745,18.34465980529785,-10.220345497131348,-3.4454774856567383,27.567524194717407
475.3094482421875,-397.41375732421875,-78.95035552978516,18.34465980529785,-10.220345497131348,-3.4454774856567383,0.0009298616787418723,0.09841637313365936,-0.502964198589325,0.0065252166241407394,-0.07449254393577576,-0.00022167060524225235,18.34465980529785,-10.220345497131348,-3.4454774856567383,27.665177822113037
475.3094482421875,-397.41375732421875,-78.95035552978516,18.34465980529785,-10.220345497131348,-3.4454774856567383,0.0009298616787418723,0.09841637313365936,-0.502964198589325,0.0065252166241407394,-0.07449254393577576,-0.00022167060524225235,18.34465980529785,-10.220345497131348,-3.4454774856567383,27.66644024848938
477.1285095214844,-398.4261169433594,-79.30193328857422,18.27325439453125,-10.174325942993164,-3.4114480018615723,0.0009298616787418723,0.09841637313365936,-0.502964198589325,0.0065252166241407394,-0.07449254393577576,-0.00022167060524225235,18.27325439453125,-10.174325942993164,-3.4114480018615723,27.671615839004517
477.1285095214844,-398.4261169433594,-79.30193328857422,18.27325439453125,-10.174325942993164,-3.4114480018615723,0.0011686378857120872,0.0870361328125,-0.5031912326812744,-0.0009467701893299818,-0.13762593269348145,-0.0009800225961953402,18.27325439453125,-10.174325942993164,-3.4114480018615723,27.76527738571167
477.1285095214844,-398.4261169433594,-79.30193328857422,18.27325439453125,-10.174325942993164,-3.4114480018615723,0.0011686378857120872,0.0870361328125,-0.5031912326812744,-0.0009467701893299818,-0.13762593269348145,-0.0009800225961953402,18.27325439453125,-10.174325942993164,-3.4114480018615723,27.766425609588623
478.9409484863281,-399.43438720703125,-79.64028930664062,18.230958938598633,-10.145318984985352,-3.2234323024749756,0.0011686378857120872,0.0870361328125,-0.5031912326812744,-0.0009467701893299818,-0.13762593269348145,-0.0009800225961953402,18.230958938598633,-10.145318984985352,-3.2234323024749756,27.770928144454956
478.9409484863281,-399.43438720703125,-79.64028930664062,18.230958938598633,-10.145318984985352,-3.2234323024749756,0.001430434174835682,0.06920510530471802,-0.5032572150230408,0.007010751403868198,-0.20533521473407745,-0.0020718697924166918,18.230958938598633,-10.145318984985352,-3.2234323024749756,27.86467218399048
478.9409484863281,-399.43438720703125,-79.64028930664062,18.230958938598633,-10.145318984985352,-3.2234323024749756,0.001430434174835682,0.06920510530471802,-0.5032572150230408,0.007010751403868198,-0.20533521473407745,-0.0020718697924166918,18.230958938598633,-10.145318984985352,-3.2234323024749756,27.865928411483765
480.7532043457031,-400.44219970703125,-79.9542236328125,18.219179153442383,-10.135503768920898,-2.906268358230591,0.001430434174835682,0.06920510530471802,-0.5032572150230408,0.007010751403868198,-0.20533521473407745,-0.0020718697924166918,18.219179153442383,-10.135503768920898,-2.906268358230591,27.871397972106934
480.7532043457031,-400.44219970703125,-79.9542236328125,18.219179153442383,-10.135503768920898,-2.906268358230591,0.0023579744156450033,0.04571625962853432,-0.503786027431488,0.013421562500298023,-0.2556679844856262,-0.00855054147541523,18.219179153442383,-10.135503768920898,-2.906268358230591,27.96380090713501
480.7532043457031,-400.44219970703125,-79.9542236328125,18.219179153442383,-10.135503768920898,-2.906268358230591,0.0023579744156450033,0.04571625962853432,-0.503786027431488,0.013421562500298023,-0.2556679844856262,-0.00855054147541523,18.219179153442383,-10.135503768920898,-2.906268358230591,27.96482825279236
482.5652160644531,-401.44964599609375,-80.22949981689453,18.232284545898438,-10.141608238220215,-2.462552309036255,0.0023579744156450033,0.04571625962853432,-0.503786027431488,0.013421562500298023,-0.2556679844856262,-0.00855054147541523,18.232284545898438,-10.141608238220215,-2.462552309036255,27.96916675567627
482.5652160644531,-401.44964599609375,-80.22949981689453,18.232284545898438,-10.141608238220215,-2.462552309036255,0.0019308144692331553,0.018166646361351013,-0.5045055150985718,-0.017518633976578712,-0.27880150079727173,-0.0015162380877882242,18.232284545898438,-10.141608238220215,-2.462552309036255,28.062645435333252
482.5652160644531,-401.44964599609375,-80.22949981689453,18.232284545898438,-10.141608238220215,-2.462552309036255,0.0019308144692331553,0.018166646361351013,-0.5045055150985718,-0.017518633976578712,-0.27880150079727173,-0.0015162380877882242,18.232284545898438,-10.141608238220215,-2.462552309036255,28.063486337661743
484.4045715332031,-402.47222900390625,-80.45478820800781,18.272045135498047,-10.164880752563477,-1.917707920074463,0.0019308144692331553,0.018166646361351013,-0.5045055150985718,-0.017518633976578712,-0.27880150079727173,-0.0015162380877882242,18.272045135498047,-10.164880752563477,-1.917707920074463,28.068434238433838
484.4045715332031,-402.47222900390625,-80.45478820800781,18.272045135498047,-10.164880752563477,-1.917707920074463,0.0005265140207484365,-0.011116838082671165,-0.5044287443161011,-0.012490936554968357,-0.2997076213359833,0.0022555210161954165,18.272045135498047,-10.164880752563477,-1.917707920074463,28.161887407302856
484.4045715332031,-402.47222900390625,-80.45478820800781,18.272045135498047,-10.164880752563477,-1.917707920074463,0.0005265140207484365,-0.011116838082671165,-0.5044287443161011,-0.012490936554968357,-0.2997076213359833,0.0022555210161954165,18.272045135498047,-10.164880752563477,-1.917707920074463,28.16258955001831
486.2423400878906,-403.49432373046875,-80.6190414428711,18.32714080810547,-10.199616432189941,-1.327195644378662,0.0005265140207484365,-0.011116838082671165,-0.5044287443161011,-0.012490936554968357,-0.2997076213359833,0.0022555210161954165,18.32714080810547,-10.199616432189941,-1.327195644378662,28.168014764785767
486.2423400878906,-403.49432373046875,-80.6190414428711,18.32714080810547,-10.199616432189941,-1.327195644378662,0.00018779795209411532,-0.0391218401491642,-0.5042109489440918,-0.004979267250746489,-0.2622296214103699,0.006289341952651739,18.32714080810547,-10.199616432189941,-1.327195644378662,28.266989946365356
486.2423400878906,-403.49432373046875,-80.6190414428711,18.32714080810547,-10.199616432189941,-1.327195644378662,0.00018779795209411532,-0.0391218401491642,-0.5042109489440918,-0.004979267250746489,-0.2622296214103699,0.006289341952651739,18.32714080810547,-10.199616432189941,-1.327195644378662,28.26807928085327
488.0898132324219,-404.52215576171875,-80.72233581542969,18.396915435791016,-10.238638877868652,-0.7234605550765991,0.00018779795209411532,-0.0391218401491642,-0.5042109489440918,-0.004979267250746489,-0.2622296214103699,0.006289341952651739,18.396915435791016,-10.238638877868652,-0.7234605550765991,28.273757934570312
488.0898132324219,-404.52215576171875,-80.72233581542969,18.396915435791016,-10.238638877868652,-0.7234605550765991,-0.0005154269165359437,-0.06298752129077911,-0.5037021040916443,-0.011967029422521591,-0.22385454177856445,0.0021859146654605865,18.396915435791016,-10.238638877868652,-0.7234605550765991,28.366422653198242
488.0898132324219,-404.52215576171875,-80.72233581542969,18.396915435791016,-10.238638877868652,-0.7234605550765991,-0.0005154269165359437,-0.06298752129077911,-0.5037021040916443,-0.011967029422521591,-0.22385454177856445,0.0021859146654605865,18.396915435791016,-10.238638877868652,-0.7234605550765991,28.36712121963501
489.94866943359375,-405.5564270019531,-80.76488494873047,18.47092056274414,-10.28072738647461,-0.18551090359687805,-0.0005154269165359437,-0.06298752129077911,-0.5037021040916443,-0.011967029422521591,-0.22385454177856445,0.0021859146654605865,18.47092056274414,-10.28072738647461,-0.18551090359687805,28.372136116027832
489.94866943359375,-405.5564270019531,-80.76488494873047,18.47092056274414,-10.28072738647461,-0.18551090359687805,-0.0016660194378346205,-0.08241897076368332,-0.5032700300216675,-0.005465434864163399,-0.17846140265464783,0.004256925545632839,18.47092056274414,-10.28072738647461,-0.18551090359687805,28.4665846824646
489.94866943359375,-405.5564270019531,-80.76488494873047,18.47092056274414,-10.28072738647461,-0.18551090359687805,-0.0016660194378346205,-0.08241897076368332,-0.5032700300216675,-0.005465434864163399,-0.17846140265464783,0.004256925545632839,18.47092056274414,-10.28072738647461,-0.18551090359687805,28.46778106689453
491.815673828125,-406.5951843261719,-80.75679016113281,18.551040649414062,-10.31937026977539,0.26279592514038086,-0.0016660194378346205,-0.08241897076368332,-0.5032700300216675,-0.005465434864163399,-0.17846140265464783,0.004256925545632839,18.551040649414062,-10.31937026977539,0.26279592514038086,28.47286605834961
491.815673828125,-406.5951843261719,-80.75679016113281,18.551040649414062,-10.31937026977539,0.26279592514038086,-0.0013504266971722245,-0.09686518460512161,-0.5033383965492249,0.0022469661198556423,-0.1142725870013237,-0.006570897996425629,18.551040649414062,-10.31937026977539,0.26279592514038086,28.565229177474976
491.815673828125,-406.5951843261719,-80.75679016113281,18.551040649414062,-10.31937026977539,0.26279592514038086,-0.0013504266971722245,-0.09686518460512161,-0.5033383965492249,0.0022469661198556423,-0.1142725870013237,-0.006570897996425629,18.551040649414062,-10.31937026977539,0.26279592514038086,28.567397832870483
493.6925048828125,-407.6390380859375,-80.70858001708984,18.63504981994629,-10.366007804870605,0.6219616532325745,-0.0013504266971722245,-0.09686518460512161,-0.5033383965492249,0.0022469661198556423,-0.1142725870013237,-0.006570897996425629,18.63504981994629,-10.366007804870605,0.6219616532325745,28.571686506271362
493.6925048828125,-407.6390380859375,-80.70858001708984,18.63504981994629,-10.366007804870605,0.6219616532325745,-0.0007015598239377141,-0.104395292699337,-0.5032836198806763,0.005662311799824238,-0.04578856751322746,0.004582545720040798,18.63504981994629,-10.366007804870605,0.6219616532325745,28.66506600379944
493.6925048828125,-407.6390380859375,-80.70858001708984,18.63504981994629,-10.366007804870605,0.6219616532325745,-0.0007015598239377141,-0.104395292699337,-0.5032836198806763,0.005662311799824238,-0.04578856751322746,0.004582545720040798,18.63504981994629,-10.366007804870605,0.6219616532325745,28.665676593780518
495.5768127441406,-408.6871032714844,-80.63228607177734,18.725444793701172,-10.415384292602539,0.8495265245437622,-0.0007015598239377141,-0.104395292699337,-0.5032836198806763,0.005662311799824238,-0.04578856751322746,0.004582545720040798,18.725444793701172,-10.415384292602539,0.8495265245437622,28.671868562698364
495.5768127441406,-408.6871032714844,-80.63228607177734,18.725444793701172,-10.415384292602539,0.8495265245437622,-0.00035032679443247616,-0.1042424887418747,-0.5031117796897888,0.011922912672162056,0.035521045327186584,-0.0036929938942193985,18.725444793701172,-10.415384292602539,0.8495265245437622,28.763378381729126
495.5768127441406,-408.6871032714844,-80.63228607177734,18.725444793701172,-10.415384292602539,0.8495265245437622,-0.00035032679443247616,-0.1042424887418747,-0.5031117796897888,0.011922912672162056,0.035521045327186584,-0.0036929938942193985,18.725444793701172,-10.415384292602539,0.8495265245437622,28.763877391815186
497.4705810546875,-409.74017333984375,-80.54085540771484,18.81995964050293,-10.467012405395508,0.9242374300956726,-0.00035032679443247616,-0.1042424887418747,-0.5031117796897888,0.011922912672162056,0.035521045327186584,-0.0036929938942193985,18.81995964050293,-10.467012405395508,0.9242374300956726,28.76805877685547
497.4705810546875,-409.74017333984375,-80.54085540771484,18.81995964050293,-10.467012405395508,0.9242374300956726,0.00019247783347964287,-0.09583360701799393,-0.5035967826843262,-0.0014633294194936752,0.11111054569482803,-0.005619472824037075,18.81995964050293,-10.467012405395508,0.9242374300956726,28.863234281539917
497.4705810546875,-409.74017333984375,-80.54085540771484,18.81995964050293,-10.467012405395508,0.9242374300956726,0.00019247783347964287,-0.09583360701799393,-0.5035967826843262,-0.0014633294194936752,0.11111054569482803,-0.005619472824037075,18.81995964050293,-10.467012405395508,0.9242374300956726,28.86484980583191
499.366455078125,-410.7943115234375,-80.45282745361328,18.9077091217041,-10.514727592468262,0.8226528763771057,0.00019247783347964287,-0.09583360701799393,-0.5035967826843262,-0.0014633294194936752,0.11111054569482803,-0.005619472824037075,18.9077091217041,-10.514727592468262,0.8226528763771057,28.86939573287964
499.366455078125,-410.7943115234375,-80.45282745361328,18.9077091217041,-10.514727592468262,0.8226528763771057,0.00046166719403117895,-0.08097563683986664,-0.5028783679008484,0.006526627577841282,0.1686548888683319,0.014935683459043503,18.9077091217041,-10.514727592468262,0.8226528763771057,28.967594861984253
499.366455078125,-410.7943115234375,-80.45282745361328,18.9077091217041,-10.514727592468262,0.8226528763771057,0.00046166719403117895,-0.08097563683986664,-0.5028783679008484,0.006526627577841282,0.1686548888683319,0.014935683459043503,18.9077091217041,-10.514727592468262,0.8226528763771057,28.96889567375183
501.259033203125,-411.8463134765625,-80.38610076904297,18.981325149536133,-10.551322937011719,0.5623874068260193,0.00046166719403117895,-0.08097563683986664,-0.5028783679008484,0.006526627577841282,0.1686548888683319,0.014935683459043503,18.981325149536133,-10.551322937011719,0.5623874068260193,28.973930835723877
501.259033203125,-411.8463134765625,-80.38610076904297,18.981325149536133,-10.551322937011719,0.5623874068260193,0.001267016283236444,-0.0598246268928051,-0.5016878843307495,0.008615424856543541,0.2326418161392212,0.006463207304477692,18.981325149536133,-10.551322937011719,0.5623874068260193,29.067025423049927
501.259033203125,-411.8463134765625,-80.38610076904297,18.981325149536133,-10.551322937011719,0.5623874068260193,0.001267016283236444,-0.0598246268928051,-0.5016878843307495,0.008615424856543541,0.2326418161392212,0.006463207304477692,18.981325149536133,-10.551322937011719,0.5623874068260193,29.067997932434082
503.1562805175781,-412.9003601074219,-80.3519058227539,19.038469314575195,-10.573050498962402,0.16731150448322296,0.001267016283236444,-0.0598246268928051,-0.5016878843307495,0.008615424856543541,0.2326418161392212,0.006463207304477692,19.038469314575195,-10.573050498962402,0.16731150448322296,29.07332706451416
503.1562805175781,-412.9003601074219,-80.3519058227539,19.038469314575195,-10.573050498962402,0.16731150448322296,0.001213274197652936,-0.035304974764585495,-0.5019845962524414,-0.008806146681308746,0.25149068236351013,-0.0059450240805745125,19.038469314575195,-10.573050498962402,0.16731150448322296,29.167227745056152
503.1562805175781,-412.9003601074219,-80.3519058227539,19.038469314575195,-10.573050498962402,0.16731150448322296,0.001213274197652936,-0.035304974764585495,-0.5019845962524414,-0.008806146681308746,0.25149068236351013,-0.0059450240805745125,19.038469314575195,-10.573050498962402,0.16731150448322296,29.168579578399658
505.0509033203125,-413.9519958496094,-80.3656234741211,19.06239128112793,-10.576740264892578,-0.334612101316452,0.001213274197652936,-0.035304974764585495,-0.5019845962524414,-0.008806146681308746,0.25149068236351013,-0.0059450240805745125,19.06239128112793,-10.576740264892578,-0.334612101316452,29.174201488494873
505.0509033203125,-413.9519958496094,-80.3656234741211,19.06239128112793,-10.576740264892578,-0.334612101316452,4.1818722820607945e-05,-0.008588885888457298,-0.5023074746131897,-0.013989720493555069,0.2673306465148926,-0.0029019981157034636,19.06239128112793,-10.576740264892578,-0.334612101316452,29.26656985282898
505.0509033203125,-413.9519958496094,-80.3656234741211,19.06239128112793,-10.576740264892578,-0.334612101316452,4.1818722820607945e-05,-0.008588885888457298,-0.5023074746131897,-0.013989720493555069,0.2673306465148926,-0.0029019981157034636,19.06239128112793,-10.576740264892578,-0.334612101316452,29.26764225959778
506.94659423828125,-415.0038146972656,-80.43374633789062,19.046754837036133,-10.56920051574707,-0.8918716907501221,4.1818722820607945e-05,-0.008588885888457298,-0.5023074746131897,-0.013989720493555069,0.2673306465148926,-0.0029019981157034636,19.046754837036133,-10.56920051574707,-0.8918716907501221,29.27159333229065
506.94659423828125,-415.0038146972656,-80.43374633789062,19.046754837036133,-10.56920051574707,-0.8918716907501221,-0.0008807303383946419,0.018261531367897987,-0.5027034878730774,-0.003624105593189597,0.27047184109687805,-0.004267028067260981,19.046754837036133,-10.56920051574707,-0.8918716907501221,29.365986108779907
506.94659423828125,-415.0038146972656,-80.43374633789062,19.046754837036133,-10.56920051574707,-0.8918716907501221,-0.0008807303383946419,0.018261531367897987,-0.5027034878730774,-0.003624105593189597,0.27047184109687805,-0.004267028067260981,19.046754837036133,-10.56920051574707,-0.8918716907501221,29.367137670516968
508.8346252441406,-416.0514831542969,-80.56141662597656,18.991230010986328,-10.542511940002441,-1.468561053276062,-0.0008807303383946419,0.018261531367897987,-0.5027034878730774,-0.003624105593189597,0.27047184109687805,-0.004267028067260981,18.991230010986328,-10.542511940002441,-1.468561053276062,29.372294187545776
508.8346252441406,-416.0514831542969,-80.56141662597656,18.991230010986328,-10.542511940002441,-1.468561053276062,-0.00011618685675784945,0.04355109855532646,-0.5036962628364563,0.008807026781141758,0.2396657019853592,-0.011344590224325657,18.991230010986328,-10.542511940002441,-1.468561053276062,29.465094327926636
508.8346252441406,-416.0514831542969,-80.56141662597656,18.991230010986328,-10.542511940002441,-1.468561053276062,-0.00011618685675784945,0.04355109855532646,-0.5036962628364563,0.008807026781141758,0.2396657019853592,-0.011344590224325657,18.991230010986328,-10.542511940002441,-1.468561053276062,29.46578598022461
510.71722412109375,-417.09649658203125,-80.7459945678711,18.90379524230957,-10.497472763061523,-2.0297739505767822,-0.00011618685675784945,0.04355109855532646,-0.5036962628364563,0.008807026781141758,0.2396657019853592,-0.011344590224325657,18.90379524230957,-10.497472763061523,-2.0297739505767822,29.470569372177124
510.71722412109375,-417.09649658203125,-80.7459945678711,18.90379524230957,-10.497472763061523,-2.0297739505767822,-2.5632256438257173e-05,0.0663195252418518,-0.5028456449508667,0.0052929953671991825,0.21657302975654602,0.012447155080735683,18.90379524230957,-10.497472763061523,-2.0297739505767822,29.56465172767639
510.71722412109375,-417.09649658203125,-80.7459945678711,18.90379524230957,-10.497472763061523,-2.0297739505767822,-2.5632256438257173e-05,0.0663195252418518,-0.5028456449508667,0.0052929953671991825,0.21657302975654602,0.012447155080735683,18.90379524230957,-10.497472763061523,-2.0297739505767822,29.5665180683136
512.5867309570312,-418.1344909667969,-80.98579406738281,18.79124641418457,-10.435644149780273,-2.5330584049224854,-2.5632256438257173e-05,0.0663195252418518,-0.5028456449508667,0.0052929953671991825,0.21657302975654602,0.012447155080735683,18.79124641418457,-10.435644149780273,-2.5330584049224854,29.57101798057556
512.5867309570312,-418.1344909667969,-80.98579406738281,18.79124641418457,-10.435644149780273,-2.5330584049224854,0.00018541517783887684,0.08483846485614777,-0.5022006630897522,-0.0030280097853392363,0.16220951080322266,0.002887232229113579,18.79124641418457,-10.435644149780273,-2.5330584049224854,29.663797616958618
512.5867309570312,-418.1344909667969,-80.98579406738281,18.79124641418457,-10.435644149780273,-2.5330584049224854,0.00018541517783887684,0.08483846485614777,-0.5022006630897522,-0.0030280097853392363,0.16220951080322266,0.002887232229113579,18.79124641418457,-10.435644149780273,-2.5330584049224854,29.6649010181427
514.4467163085938,-419.167236328125,-81.27291870117188,18.67005157470703,-10.363581657409668,-2.9612252712249756,0.00018541517783887684,0.08483846485614777,-0.5022006630897522,-0.0030280097853392363,0.16220951080322266,0.002887232229113579,18.67005157470703,-10.363581657409668,-2.9612252712249756,29.671152114868164
514.4467163085938,-419.167236328125,-81.27291870117188,18.67005157470703,-10.363581657409668,-2.9612252712249756,-0.0002720800694078207,0.09698378294706345,-0.5028300285339355,-0.007662048563361168,0.09360432624816895,-0.010539881885051727,18.67005157470703,-10.363581657409668,-2.9612252712249756,29.768651247024536
514.4467163085938,-419.167236328125,-81.27291870117188,18.67005157470703,-10.363581657409668,-2.9612252712249756,-0.0002720800694078207,0.09698378294706345,-0.5028300285339355,-0.007662048563361168,0.09360432624816895,-0.010539881885051727,18.67005157470703,-10.363581657409668,-2.9612252712249756,29.769367933273315
516.2922973632812,-420.19171142578125,-81.5967788696289,18.548078536987305,-10.291546821594238,-3.26654314994812,-0.0002720800694078207,0.09698378294706345,-0.5028300285339355,-0.007662048563361168,0.09360432624816895,-0.010539881885051727,18.548078536987305,-10.291546821594238,-3.26654314994812,29.772878646850586
516.2922973632812,-420.19171142578125,-81.5967788696289,18.548078536987305,-10.291546821594238,-3.26654314994812,-0.0007971048471517861,0.10232138633728027,-0.5035233497619629,-0.005896084010601044,0.026975117623806,-0.0011103060096502304,18.548078536987305,-10.291546821594238,-3.26654314994812,29.868067264556885
516.2922973632812,-420.19171142578125,-81.5967788696289,18.548078536987305,-10.291546821594238,-3.26654314994812,-0.0007971048471517861,0.10232138633728027,-0.5035233497619629,-0.005896084010601044,0.026975117623806,-0.0011103060096502304,18.548078536987305,-10.291546821594238,-3.26654314994812,29.868719339370728
518.1287231445312,-421.2109375,-81.94151306152344,18.434120178222656,-10.232619285583496,-3.4289679527282715,-0.0007971048471517861,0.10232138633728027,-0.5035233497619629,-0.005896084010601044,0.026975117623806,-0.0011103060096502304,18.434120178222656,-10.232619285583496,-3.4289679527282715,29.875094652175903
518.1287231445312,-421.2109375,-81.94151306152344,18.434120178222656,-10.232619285583496,-3.4289679527282715,-0.0011965365847572684,0.10044212639331818,-0.5031707286834717,-0.0029567163437604904,-0.05073045939207077,0.0046896133571863174,18.434120178222656,-10.232619285583496,-3.4289679527282715,29.969194173812866
518.1287231445312,-421.2109375,-81.94151306152344,18.434120178222656,-10.232619285583496,-3.4289679527282715,-0.0011965365847572684,0.10044212639331818,-0.5031707286834717,-0.0029567163437604904,-0.05073045939207077,0.0046896133571863174,18.434120178222656,-10.232619285583496,-3.4289679527282715,29.970224380493164
519.9537353515625,-422.2242736816406,-82.2936019897461,18.346038818359375,-10.18648910522461,-3.444955348968506,-0.0011965365847572684,0.10044212639331818,-0.5031707286834717,-0.0029567163437604904,-0.05073045939207077,0.0046896133571863174,18.346038818359375,-10.18648910522461,-3.444955348968506,29.976353883743286
519.9537353515625,-422.2242736816406,-82.2936019897461,18.346038818359375,-10.18648910522461,-3.444955348968506,-0.0005445640999823809,0.09015244990587234,-0.5025918483734131,0.01065499521791935,-0.1327792853116989,0.0030212386045604944,18.346038818359375,-10.18648910522461,-3.444955348968506,30.068519592285156
519.9537353515625,-422.2242736816406,-82.2936019897461,18.346038818359375,-10.18648910522461,-3.444955348968506,-0.0005445640999823809,0.09015244990587234,-0.5025918483734131,0.01065499521791935,-0.1327792853116989,0.0030212386045604944,18.346038818359375,-10.18648910522461,-3.444955348968506,30.069444179534912
521.7967529296875,-423.2475280761719,-82.64109802246094,18.29657554626465,-10.15845775604248,-3.295917510986328,-0.0005445640999823809,0.09015244990587234,-0.5025918483734131,0.01065499521791935,-0.1327792853116989,0.0030212386045604944,18.29657554626465,-10.15845775604248,-3.295917510986328,30.075345754623413
521.7967529296875,-423.2475280761719,-82.64109802246094,18.29657554626465,-10.15845775604248,-3.295917510986328,-0.00024590498651377857,0.07331420481204987,-0.5023208260536194,-0.00301068602129817,-0.18130530416965485,0.004948087967932224,18.29657554626465,-10.15845775604248,-3.295917510986328,30.167572498321533
521.7967529296875,-423.2475280761719,-82.64109802246094,18.29657554626465,-10.15845775604248,-3.295917510986328,-0.00024590498651377857,0.07331420481204987,-0.5023208260536194,-0.00301068602129817,-0.18130530416965485,0.004948087967932224,18.29657554626465,-10.15845775604248,-3.295917510986328,30.169366359710693
523.6300659179688,-424.2652282714844,-82.96228790283203,18.280521392822266,-10.14758014678955,-2.993889093399048,-0.00024590498651377857,0.07331420481204987,-0.5023208260536194,-0.00301068602129817,-0.18130530416965485,0.004948087967932224,18.280521392822266,-10.14758014678955,-2.993889093399048,30.173909425735474
523.6300659179688,-424.2652282714844,-82.96228790283203,18.280521392822266,-10.14758014678955,-2.993889093399048,0.0006221687654033303,0.05236811935901642,-0.5017005801200867,0.006816959008574486,-0.2195781022310257,0.0070084091275930405,18.280521392822266,-10.14758014678955,-2.993889093399048,30.267027378082275
523.6300659179688,-424.2652282714844,-82.96228790283203,18.280521392822266,-10.14758014678955,-2.993889093399048,0.0006221687654033303,0.05236811935901642,-0.5017005801200867,0.006816959008574486,-0.2195781022310257,0.0070084091275930405,18.280521392822266,-10.14758014678955,-2.993889093399048,30.267725467681885
525.467041015625,-425.2842712402344,-83.24608612060547,18.296260833740234,-10.149510383605957,-2.591151714324951,0.0006221687654033303,0.05236811935901642,-0.5017005801200867,0.006816959008574486,-0.2195781022310257,0.0070084091275930405,18.296260833740234,-10.149510383605957,-2.591151714324951,30.27331233024597
525.467041015625,-425.2842712402344,-83.24608612060547,18.296260833740234,-10.149510383605957,-2.591151714324951,0.0004925993853248656,0.02815496362745762,-0.5016233921051025,-0.001518584555014968,-0.25021976232528687,-0.0024521006271243095,18.296260833740234,-10.149510383605957,-2.591151714324951,30.367141485214233
525.467041015625,-425.2842712402344,-83.24608612060547,18.296260833740234,-10.149510383605957,-2.591151714324951,0.0004925993853248656,0.02815496362745762,-0.5016233921051025,-0.001518584555014968,-0.25021976232528687,-0.0024521006271243095,18.296260833740234,-10.149510383605957,-2.591151714324951,30.368410110473633
527.3108520507812,-426.30621337890625,-83.48387145996094,18.334007263183594,-10.161867141723633,-2.1138596534729004,0.0004925993853248656,0.02815496362745762,-0.5016233921051025,-0.001518584555014968,-0.25021976232528687,-0.0024521006271243095,18.334007263183594,-10.161867141723633,-2.1138596534729004,30.372092247009277
527.3108520507812,-426.30621337890625,-83.48387145996094,18.334007263183594,-10.161867141723633,-2.1138596534729004,0.000982502824626863,0.0018996167927980423,-0.5019267797470093,0.010796574875712395,-0.2638973295688629,0.0031972029246389866,18.334007263183594,-10.161867141723633,-2.1138596534729004,30.466200828552246
527.3108520507812,-426.30621337890625,-83.48387145996094,18.334007263183594,-10.161867141723633,-2.1138596534729004,0.000982502824626863,0.0018996167927980423,-0.5019267797470093,0.010796574875712395,-0.2638973295688629,0.0031972029246389866,18.334007263183594,-10.161867141723633,-2.1138596534729004,30.46744966506958
529.159912109375,-427.3302307128906,-83.66886901855469,18.384145736694336,-10.186659812927246,-1.5838974714279175,0.000982502824626863,0.0018996167927980423,-0.5019267797470093,0.010796574875712395,-0.2638973295688629,0.0031972029246389866,18.384145736694336,-10.186659812927246,-1.5838974714279175,30.47139620780945
529.159912109375,-427.3302307128906,-83.66886901855469,18.384145736694336,-10.186659812927246,-1.5838974714279175,0.0009868161287158728,-0.02544637955725193,-0.5014611482620239,-0.009179572574794292,-0.27644428610801697,0.004960266407579184,18.384145736694336,-10.186659812927246,-1.5838974714279175,30.5655198097229
529.159912109375,-427.3302307128906,-83.66886901855469,18.384145736694336,-10.186659812927246,-1.5838974714279175,0.0009868161287158728,-0.02544637955725193,-0.5014611482620239,-0.009179572574794292,-0.27644428610801697,0.004960266407579184,18.384145736694336,-10.186659812927246,-1.5838974714279175,30.566163063049316
531.0164794921875,-428.3578796386719,-83.79705810546875,18.448272705078125,-10.217326164245605,-1.0239180326461792,0.0009868161287158728,-0.02544637955725193,-0.5014611482620239,-0.009179572574794292,-0.27644428610801697,0.004960266407579184,18.448272705078125,-10.217326164245605,-1.0239180326461792,30.569994688034058
531.0164794921875,-428.3578796386719,-83.79705810546875,18.448272705078125,-10.217326164245605,-1.0239180326461792,0.0006441982113756239,-0.051321759819984436,-0.5007290840148926,0.0026705381460487843,-0.24390561878681183,0.00487098190933466,18.448272705078125,-10.217326164245605,-1.0239180326461792,30.67049217224121
531.0164794921875,-428.3578796386719,-83.79705810546875,18.448272705078125,-10.217326164245605,-1.0239180326461792,0.0006441982113756239,-0.051321759819984436,-0.5007290840148926,0.0026705381460487843,-0.24390561878681183,0.00487098190933466,18.448272705078125,-10.217326164245605,-1.0239180326461792,30.671488046646118
532.8792724609375,-429.38824462890625,-83.86875915527344,18.522489547729492,-10.248408317565918,-0.4641152620315552,0.0006441982113756239,-0.051321759819984436,-0.5007290840148926,0.0026705381460487843,-0.24390561878681183,0.00487098190933466,18.522489547729492,-10.248408317565918,-0.4641152620315552,30.67616581916809
532.8792724609375,-429.38824462890625,-83.86875915527344,18.522489547729492,-10.248408317565918,-0.4641152620315552,-0.00017615969409234822,-0.0732390433549881,-0.5012316107749939,-0.013041478581726551,-0.20211288332939148,-0.010622650384902954,18.522489547729492,-10.248408317565918,-0.4641152620315552,30.769893884658813
532.8792724609375,-429.38824462890625,-83.86875915527344,18.522489547729492,-10.248408317565918,-0.4641152620315552,-0.00017615969409234822,-0.0732390433549881,-0.5012316107749939,-0.013041478581726551,-0.20211288332939148,-0.010622650384902954,18.522489547729492,-10.248408317565918,-0.4641152620315552,30.770726919174194
534.7500610351562,-430.42218017578125,-83.88615417480469,18.59538459777832,-10.286019325256348,0.0343148298561573,-0.00017615969409234822,-0.0732390433549881,-0.5012316107749939,-0.013041478581726551,-0.20211288332939148,-0.010622650384902954,18.59538459777832,-10.286019325256348,0.0343148298561573,30.775599241256714
534.7500610351562,-430.42218017578125,-83.88615417480469,18.59538459777832,-10.286019325256348,0.0343148298561573,-0.0005378143978305161,-0.09018512070178986,-0.5022709369659424,0.000381821533665061,-0.14486606419086456,-0.010806719772517681,18.59538459777832,-10.286019325256348,0.0343148298561573,30.869372129440308
534.7500610351562,-430.42218017578125,-83.88615417480469,18.59538459777832,-10.286019325256348,0.0343148298561573,-0.0005378143978305161,-0.09018512070178986,-0.5022709369659424,0.000381821533665061,-0.14486606419086456,-0.010806719772517681,18.59538459777832,-10.286019325256348,0.0343148298561573,30.870576858520508
536.621337890625,-431.45660400390625,-83.86100006103516,18.670068740844727,-10.32984733581543,0.44556349515914917,-0.0005378143978305161,-0.09018512070178986,-0.5022709369659424,0.000381821533665061,-0.14486606419086456,-0.010806719772517681,18.670068740844727,-10.32984733581543,0.44556349515914917,30.87688636779785
536.621337890625,-431.45660400390625,-83.86100006103516,18.670068740844727,-10.32984733581543,0.44556349515914917,-0.000947700347751379,-0.10075914114713669,-0.5029159784317017,-0.0009418511763215065,-0.07975907623767853,0.0043657454662024975,18.670068740844727,-10.32984733581543,0.44556349515914917,30.968560218811035
536.621337890625,-431.45660400390625,-83.86100006103516,18.670068740844727,-10.32984733581543,0.44556349515914917,-0.000947700347751379,-0.10075914114713669,-0.5029159784317017,-0.0009418511763215065,-0.07975907623767853,0.0043657454662024975,18.670068740844727,-10.32984733581543,0.44556349515914917,30.969218730926514
538.488037109375,-432.4893798828125,-83.80120086669922,18.741254806518555,-10.379242897033691,0.7370531558990479,-0.000947700347751379,-0.10075914114713669,-0.5029159784317017,-0.0009418511763215065,-0.07975907623767853,0.0043657454662024975,18.741254806518555,-10.379242897033691,0.7370531558990479,30.97512912750244
538.488037109375,-432.4893798828125,-83.80120086669922,18.741254806518555,-10.379242897033691,0.7370531558990479,-0.0004691599460784346,-0.10393872112035751,-0.5020349621772766,0.006052006967365742,-0.003290643449872732,0.009576097130775452,18.741254806518555,-10.379242897033691,0.7370531558990479,31.067778825759888
538.488037109375,-432.4893798828125,-83.80120086669922,18.741254806518555,-10.379242897033691,0.7370531558990479,-0.0004691599460784346,-0.10393872112035751,-0.5020349621772766,0.006052006967365742,-0.003290643449872732,0.009576097130775452,18.741254806518555,-10.379242897033691,0.7370531558990479,31.068638563156128
540.3605346679688,-433.5261535644531,-83.72054290771484,18.81465721130371,-10.422568321228027,0.8819381594657898,-0.0004691599460784346,-0.10393872112035751,-0.5020349621772766,0.006052006967365742,-0.003290643449872732,0.009576097130775452,18.81465721130371,-10.422568321228027,0.8819381594657898,31.073222160339355
540.3605346679688,-433.5261535644531,-83.72054290771484,18.81465721130371,-10.422568321228027,0.8819381594657898,-6.096120705478825e-05,-0.10014455020427704,-0.5015541315078735,0.0023419728968292475,0.06446122378110886,0.0045624589547514915,18.81465721130371,-10.422568321228027,0.8819381594657898,31.16743493080139
540.3605346679688,-433.5261535644531,-83.72054290771484,18.81465721130371,-10.422568321228027,0.8819381594657898,-6.096120705478825e-05,-0.10014455020427704,-0.5015541315078735,0.0023419728968292475,0.06446122378110886,0.0045624589547514915,18.81465721130371,-10.422568321228027,0.8819381594657898,31.1687593460083
542.2342529296875,-434.5635986328125,-83.63237762451172,18.89313316345215,-10.462106704711914,0.8751513957977295,-6.096120705478825e-05,-0.10014455020427704,-0.5015541315078735,0.0023419728968292475,0.06446122378110886,0.0045624589547514915,18.89313316345215,-10.462106704711914,0.8751513957977295,31.174561738967896
542.2342529296875,-434.5635986328125,-83.63237762451172,18.89313316345215,-10.462106704711914,0.8751513957977295,-0.00027456419775262475,-0.0892874151468277,-0.5016782283782959,-0.00831607822328806,0.13962748646736145,0.0025818380527198315,18.89313316345215,-10.462106704711914,0.8751513957977295,31.26644539833069
542.2342529296875,-434.5635986328125,-83.63237762451172,18.89313316345215,-10.462106704711914,0.8751513957977295,-0.00027456419775262475,-0.0892874151468277,-0.5016782283782959,-0.00831607822328806,0.13962748646736145,0.0025818380527198315,18.89313316345215,-10.462106704711914,0.8751513957977295,31.267122745513916
544.11669921875,-435.60552978515625,-83.55242919921875,18.968236923217773,-10.500702857971191,0.7187872529029846,-0.00027456419775262475,-0.0892874151468277,-0.5016782283782959,-0.00831607822328806,0.13962748646736145,0.0025818380527198315,18.968236923217773,-10.500702857971191,0.7187872529029846,31.271156787872314
544.11669921875,-435.60552978515625,-83.55242919921875,18.968236923217773,-10.500702857971191,0.7187872529029846,-0.0007125443662516773,-0.07070771604776382,-0.5012851357460022,-0.0029656931292265654,0.2145031839609146,0.0015270025469362736,18.968236923217773,-10.500702857971191,0.7187872529029846,31.37126898765564
544.11669921875,-435.60552978515625,-83.55242919921875,18.968236923217773,-10.500702857971191,0.7187872529029846,-0.0007125443662516773,-0.07070771604776382,-0.5012851357460022,-0.0029656931292265654,0.2145031839609146,0.0015270025469362736,18.968236923217773,-10.500702857971191,0.7187872529029846,31.372445583343506
546.0023803710938,-436.64874267578125,-83.49871063232422,19.026123046875,-10.531700134277344,0.39223822951316833,-0.0007125443662516773,-0.07070771604776382,-0.5012851357460022,-0.0029656931292265654,0.2145031839609146,0.0015270025469362736,19.026123046875,-10.531700134277344,0.39223822951316833,31.377521514892578
546.0023803710938,-436.64874267578125,-83.49871063232422,19.026123046875,-10.531700134277344,0.39223822951316833,-0.0006230836734175682,-0.04671620577573776,-0.5015568733215332,0.0030902677681297064,0.24835306406021118,-0.0017813011072576046,19.026123046875,-10.531700134277344,0.39223822951316833,31.471004724502563
546.0023803710938,-436.64874267578125,-83.49871063232422,19.026123046875,-10.531700134277344,0.39223822951316833,-0.0006230836734175682,-0.04671620577573776,-0.5015568733215332,0.0030902677681297064,0.24835306406021118,-0.0017813011072576046,19.026123046875,-10.531700134277344,0.39223822951316833,31.471954345703125
547.8947143554688,-437.6956481933594,-83.48657989501953,19.05792808532715,-10.550375938415527,-0.0807068720459938,-0.0006230836734175682,-0.04671620577573776,-0.5015568733215332,0.0030902677681297064,0.24835306406021118,-0.0017813011072576046,19.05792808532715,-10.550375938415527,-0.0807068720459938,31.476893424987793
547.8947143554688,-437.6956481933594,-83.48657989501953,19.05792808532715,-10.550375938415527,-0.0807068720459938,-0.00015797364176250994,-0.0202640350908041,-0.5011146068572998,0.005122599191963673,0.26709914207458496,0.013955973088741302,19.05792808532715,-10.550375938415527,-0.0807068720459938,31.57008695602417
547.8947143554688,-437.6956481933594,-83.48657989501953,19.05792808532715,-10.550375938415527,-0.0807068720459938,-0.00015797364176250994,-0.0202640350908041,-0.5011146068572998,0.005122599191963673,0.26709914207458496,0.013955973088741302,19.05792808532715,-10.550375938415527,-0.0807068720459938,31.57070755958557
549.7866821289062,-438.7419738769531,-83.52798461914062,19.058340072631836,-10.546398162841797,-0.6307589411735535,-0.00015797364176250994,-0.0202640350908041,-0.5011146068572998,0.005122599191963673,0.26709914207458496,0.013955973088741302,19.058340072631836,-10.546398162841797,-0.6307589411735535,31.575262308120728
549.7866821289062,-438.7419738769531,-83.52798461914062,19.058340072631836,-10.546398162841797,-0.6307589411735535,0.00016434256394859403,0.007339163683354855,-0.49978336691856384,0.0014864138793200254,0.27992862462997437,0.0025284711737185717,19.058340072631836,-10.546398162841797,-0.6307589411735535,31.669384002685547
549.7866821289062,-438.7419738769531,-83.52798461914062,19.058340072631836,-10.546398162841797,-0.6307589411735535,0.00016434256394859403,0.007339163683354855,-0.49978336691856384,0.0014864138793200254,0.27992862462997437,0.0025284711737185717,19.058340072631836,-10.546398162841797,-0.6307589411735535,31.670029878616333
551.679443359375,-439.7881164550781,-83.62532043457031,19.024410247802734,-10.517060279846191,-1.2156169414520264,0.00016434256394859403,0.007339163683354855,-0.49978336691856384,0.0014864138793200254,0.27992862462997437,0.0025284711737185717,19.024410247802734,-10.517060279846191,-1.2156169414520264,31.676239252090454
551.679443359375,-439.7881164550781,-83.62532043457031,19.024410247802734,-10.517060279846191,-1.2156169414520264,0.0003693576727528125,0.03456098586320877,-0.500423789024353,0.002081203041598201,0.26042312383651733,-0.007144869305193424,19.024410247802734,-10.517060279846191,-1.2156169414520264,31.76872730255127
551.679443359375,-439.7881164550781,-83.62532043457031,19.024410247802734,-10.517060279846191,-1.2156169414520264,0.0003693576727528125,0.03456098586320877,-0.500423789024353,0.002081203041598201,0.26042312383651733,-0.007144869305193424,19.024410247802734,-10.517060279846191,-1.2156169414520264,31.76958417892456
553.5656127929688,-440.82891845703125,-83.78511047363281,18.953716278076172,-10.46717643737793,-1.8123282194137573,0.0003693576727528125,0.03456098586320877,-0.500423789024353,0.002081203041598201,0.26042312383651733,-0.007144869305193424,18.953716278076172,-10.46717643737793,-1.8123282194137573,31.773399114608765
553.5656127929688,-440.82891845703125,-83.78511047363281,18.953716278076172,-10.46717643737793,-1.8123282194137573,0.001146630267612636,0.05923108384013176,-0.501399040222168,0.00455346517264843,0.2345626950263977,-0.00927159283310175,18.953716278076172,-10.46717643737793,-1.8123282194137573,31.868075132369995
553.5656127929688,-440.82891845703125,-83.78511047363281,18.953716278076172,-10.46717643737793,-1.8123282194137573,0.001146630267612636,0.05923108384013176,-0.501399040222168,0.00455346517264843,0.2345626950263977,-0.00927159283310175,18.953716278076172,-10.46717643737793,-1.8123282194137573,31.86903977394104
555.4453125,-441.86578369140625,-84.00199127197266,18.84871482849121,-10.408987998962402,-2.3615810871124268,0.001146630267612636,0.05923108384013176,-0.501399040222168,0.00455346517264843,0.2345626950263977,-0.00927159283310175,18.84871482849121,-10.408987998962402,-2.3615810871124268,31.873653173446655
555.4453125,-441.86578369140625,-84.00199127197266,18.84871482849121,-10.408987998962402,-2.3615810871124268,0.0015434883534908295,0.08018141239881516,-0.5016734004020691,0.0012115330900996923,0.1850285679101944,0.0007480604108422995,18.84871482849121,-10.408987998962402,-2.3615810871124268,31.967193365097046
555.4453125,-441.86578369140625,-84.00199127197266,18.84871482849121,-10.408987998962402,-2.3615810871124268,0.0015434883534908295,0.08018141239881516,-0.5016734004020691,0.0012115330900996923,0.1850285679101944,0.0007480604108422995,18.84871482849121,-10.408987998962402,-2.3615810871124268,31.967790126800537
557.3123779296875,-442.8955383300781,-84.27119445800781,18.726524353027344,-10.340556144714355,-2.84021258354187,0.0015434883534908295,0.08018141239881516,-0.5016734004020691,0.0012115330900996923,0.1850285679101944,0.0007480604108422995,18.726524353027344,-10.340556144714355,-2.84021258354187,31.97166657447815
557.3123779296875,-442.8955383300781,-84.27119445800781,18.726524353027344,-10.340556144714355,-2.84021258354187,0.0010597826912999153,0.09418076276779175,-0.5016123056411743,-0.009450647048652172,0.11077234148979187,0.001596361631527543,18.726524353027344,-10.340556144714355,-2.84021258354187,32.07207274436951
557.3123779296875,-442.8955383300781,-84.27119445800781,18.726524353027344,-10.340556144714355,-2.84021258354187,0.0010597826912999153,0.09418076276779175,-0.5016123056411743,-0.009450647048652172,0.11077234148979187,0.001596361631527543,18.726524353027344,-10.340556144714355,-2.84021258354187,32.07265305519104
559.1688232421875,-443.9196472167969,-84.5815658569336,18.598424911499023,-10.271162033081055,-3.193312883377075,0.0010597826912999153,0.09418076276779175,-0.5016123056411743,-0.009450647048652172,0.11077234148979187,0.001596361631527543,18.598424911499023,-10.271162033081055,-3.193312883377075,32.07678937911987
559.1688232421875,-443.9196472167969,-84.5815658569336,18.598424911499023,-10.271162033081055,-3.193312883377075,0.001119854161515832,0.10124187916517258,-0.5015137195587158,-0.005829713307321072,0.04980196803808212,0.003010017331689596,18.598424911499023,-10.271162033081055,-3.193312883377075,32.17193818092346
559.1688232421875,-443.9196472167969,-84.5815658569336,18.598424911499023,-10.271162033081055,-3.193312883377075,0.001119854161515832,0.10124187916517258,-0.5015137195587158,-0.005829713307321072,0.04980196803808212,0.003010017331689596,18.598424911499023,-10.271162033081055,-3.193312883377075,32.17277765274048
561.027587890625,-444.94537353515625,-84.92379760742188,18.483768463134766,-10.207337379455566,-3.394087791442871,0.001119854161515832,0.10124187916517258,-0.5015137195587158,-0.005829713307321072,0.04980196803808212,0.003010017331689596,18.483768463134766,-10.207337379455566,-3.394087791442871,32.17854189872742
561.027587890625,-444.94537353515625,-84.92379760742188,18.483768463134766,-10.207337379455566,-3.394087791442871,-0.00017274315177928656,0.10180917382240295,-0.501727819442749,-0.012422184459865093,-0.02258860506117344,-0.003875173395499587,18.483768463134766,-10.207337379455566,-3.394087791442871,32.271137714385986
561.027587890625,-444.94537353515625,-84.92379760742188,18.483768463134766,-10.207337379455566,-3.394087791442871,-0.00017274315177928656,0.10180917382240295,-0.501727819442749,-0.012422184459865093,-0.02258860506117344,-0.003875173395499587,18.483768463134766,-10.207337379455566,-3.394087791442871,32.271849393844604
562.8694458007812,-445.9617004394531,-85.27657318115234,18.39263916015625,-10.159947395324707,-3.4550299644470215,-0.00017274315177928656,0.10180917382240295,-0.501727819442749,-0.012422184459865093,-0.02258860506117344,-0.003875173395499587,18.39263916015625,-10.159947395324707,-3.4550299644470215,32.27672290802002
562.8694458007812,-445.9617004394531,-85.27657318115234,18.39263916015625,-10.159947395324707,-3.4550299644470215,-0.0010214548092335463,0.0954602062702179,-0.5016606450080872,-0.006645208690315485,-0.08275670558214188,0.004215346649289131,18.39263916015625,-10.159947395324707,-3.4550299644470215,32.3705952167511
562.8694458007812,-445.9617004394531,-85.27657318115234,18.39263916015625,-10.159947395324707,-3.4550299644470215,-0.0010214548092335463,0.0954602062702179,-0.5016606450080872,-0.006645208690315485,-0.08275670558214188,0.004215346649289131,18.39263916015625,-10.159947395324707,-3.4550299644470215,32.37163233757019
564.7122192382812,-446.9787292480469,-85.62701416015625,18.33168601989746,-10.130646705627441,-3.374220848083496,-0.0010214548092335463,0.0954602062702179,-0.5016606450080872,-0.006645208690315485,-0.08275670558214188,0.004215346649289131,18.33168601989746,-10.130646705627441,-3.374220848083496,32.37701416015625
564.7122192382812,-446.9787292480469,-85.62701416015625,18.33168601989746,-10.130646705627441,-3.374220848083496,-0.001467497437261045,0.08211777359247208,-0.5016929507255554,-0.007162969559431076,-0.15846695005893707,-0.0034776185639202595,18.33168601989746,-10.130646705627441,-3.374220848083496,32.46974062919617
564.7122192382812,-446.9787292480469,-85.62701416015625,18.33168601989746,-10.130646705627441,-3.374220848083496,-0.001467497437261045,0.08211777359247208,-0.5016929507255554,-0.007162969559431076,-0.15846695005893707,-0.0034776185639202595,18.33168601989746,-10.130646705627441,-3.374220848083496,32.47180533409119
566.5532836914062,-447.9955139160156,-85.96078491210938,18.30034828186035,-10.116168022155762,-3.1552655696868896,-0.001467497437261045,0.08211777359247208,-0.5016929507255554,-0.007162969559431076,-0.15846695005893707,-0.0034776185639202595,18.30034828186035,-10.116168022155762,-3.1552655696868896,32.476834297180176
566.5532836914062,-447.9955139160156,-85.96078491210938,18.30034828186035,-10.116168022155762,-3.1552655696868896,-0.0020896971691399813,0.06284158676862717,-0.5013782978057861,-0.008850154466927052,-0.20428360998630524,0.008874907158315182,18.30034828186035,-10.116168022155762,-3.1552655696868896,32.56932091712952
566.5532836914062,-447.9955139160156,-85.96078491210938,18.30034828186035,-10.116168022155762,-3.1552655696868896,-0.0020896971691399813,0.06284158676862717,-0.5013782978057861,-0.008850154466927052,-0.20428360998630524,0.008874907158315182,18.30034828186035,-10.116168022155762,-3.1552655696868896,32.570199489593506
568.3966674804688,-449.0138244628906,-86.26337432861328,18.301706314086914,-10.118722915649414,-2.799546003341675,-0.0020896971691399813,0.06284158676862717,-0.5013782978057861,-0.008850154466927052,-0.20428360998630524,0.008874907158315182,18.301706314086914,-10.118722915649414,-2.799546003341675,32.57530355453491
568.3966674804688,-449.0138244628906,-86.26337432861328,18.301706314086914,-10.118722915649414,-2.799546003341675,-0.0017066819127649069,0.039119020104408264,-0.5005151033401489,0.010936394333839417,-0.2512642741203308,0.0020700227469205856,18.301706314086914,-10.118722915649414,-2.799546003341675,32.67367482185364
568.3966674804688,-449.0138244628906,-86.26337432861328,18.301706314086914,-10.118722915649414,-2.799546003341675,-0.0017066819127649069,0.039119020104408264,-0.5005151033401489,0.010936394333839417,-0.2512642741203308,0.0020700227469205856,18.301706314086914,-10.118722915649414,-2.799546003341675,32.67449712753296
570.2422485351562,-450.0332946777344,-86.52249908447266,18.329845428466797,-10.129079818725586,-2.3451197147369385,-0.0017066819127649069,0.039119020104408264,-0.5005151033401489,0.010936394333839417,-0.2512642741203308,0.0020700227469205856,18.329845428466797,-10.129079818725586,-2.3451197147369385,32.680474519729614
570.2422485351562,-450.0332946777344,-86.52249908447266,18.329845428466797,-10.129079818725586,-2.3451197147369385,-0.0008985647582449019,0.012780971825122833,-0.4999748170375824,0.004542763810604811,-0.26673567295074463,0.0072437794879078865,18.329845428466797,-10.129079818725586,-2.3451197147369385,32.773162841796875
570.2422485351562,-450.0332946777344,-86.52249908447266,18.329845428466797,-10.129079818725586,-2.3451197147369385,-0.0008985647582449019,0.012780971825122833,-0.4999748170375824,0.004542763810604811,-0.26673567295074463,0.0072437794879078865,18.329845428466797,-10.129079818725586,-2.3451197147369385,32.77390098571777
572.0935668945312,-451.05523681640625,-86.72953033447266,18.378395080566406,-10.148757934570312,-1.817357063293457,-0.0008985647582449019,0.012780971825122833,-0.4999748170375824,0.004542763810604811,-0.26673567295074463,0.0072437794879078865,18.378395080566406,-10.148757934570312,-1.817357063293457,32.777533292770386
572.0935668945312,-451.05523681640625,-86.72953033447266,18.378395080566406,-10.148757934570312,-1.817357063293457,-0.0005892157205380499,-0.014787540771067142,-0.4993599057197571,0.002028871327638626,-0.2652961015701294,-0.00166274793446064,18.378395080566406,-10.148757934570312,-1.817357063293457,32.8724844455719
572.0935668945312,-451.05523681640625,-86.72953033447266,18.378395080566406,-10.148757934570312,-1.817357063293457,-0.0005892157205380499,-0.014787540771067142,-0.4993599057197571,0.002028871327638626,-0.2652961015701294,-0.00166274793446064,18.378395080566406,-10.148757934570312,-1.817357063293457,32.87395787239075
573.9498291015625,-452.07916259765625,-86.8807373046875,18.440786361694336,-10.174572944641113,-1.2505391836166382,-0.0005892157205380499,-0.014787540771067142,-0.4993599057197571,0.002028871327638626,-0.2652961015701294,-0.00166274793446064,18.440786361694336,-10.174572944641113,-1.2505391836166382,32.87799286842346
573.9498291015625,-452.07916259765625,-86.8807373046875,18.440786361694336,-10.174572944641113,-1.2505391836166382,-0.00017458826187066734,-0.04106706753373146,-0.49958479404449463,0.00564765278249979,-0.2611064016819,-0.003984113223850727,18.440786361694336,-10.174572944641113,-1.2505391836166382,32.97162675857544
573.9498291015625,-452.07916259765625,-86.8807373046875,18.440786361694336,-10.174572944641113,-1.2505391836166382,-0.00017458826187066734,-0.04106706753373146,-0.49958479404449463,0.00564765278249979,-0.2611064016819,-0.003984113223850727,18.440786361694336,-10.174572944641113,-1.2505391836166382,32.972553968429565
575.8134155273438,-453.1060485839844,-86.97481536865234,18.508264541625977,-10.205095291137695,-0.691152811050415,-0.00017458826187066734,-0.04106706753373146,-0.49958479404449463,0.00564765278249979,-0.2611064016819,-0.003984113223850727,18.508264541625977,-10.205095291137695,-0.691152811050415,32.976532220840454
575.8134155273438,-453.1060485839844,-86.97481536865234,18.508264541625977,-10.205095291137695,-0.691152811050415,0.0006066402420401573,-0.06485895812511444,-0.5002902150154114,0.006614388898015022,-0.22023244202136993,-0.00918587390333414,18.508264541625977,-10.205095291137695,-0.691152811050415,33.07166862487793
575.8134155273438,-453.1060485839844,-86.97481536865234,18.508264541625977,-10.205095291137695,-0.691152811050415,0.0006066402420401573,-0.06485895812511444,-0.5002902150154114,0.006614388898015022,-0.22023244202136993,-0.00918587390333414,18.508264541625977,-10.205095291137695,-0.691152811050415,33.07267642021179
577.6768798828125,-454.1324157714844,-87.01721954345703,18.57695960998535,-10.239836692810059,-0.16303034126758575,0.0006066402420401573,-0.06485895812511444,-0.5002902150154114,0.006614388898015022,-0.22023244202136993,-0.00918587390333414,18.57695960998535,-10.239836692810059,-0.16303034126758575,33.076728105545044
577.6768798828125,-454.1324157714844,-87.01721954345703,18.57695960998535,-10.239836692810059,-0.16303034126758575,0.0006307423464022577,-0.08349985629320145,-0.5002135634422302,0.00039149215444922447,-0.1627148538827896,-0.00014107930473983288,18.57695960998535,-10.239836692810059,-0.16303034126758575,33.17045617103577
577.6768798828125,-454.1324157714844,-87.01721954345703,18.57695960998535,-10.239836692810059,-0.16303034126758575,0.0006307423464022577,-0.08349985629320145,-0.5002135634422302,0.00039149215444922447,-0.1627148538827896,-0.00014107930473983288,18.57695960998535,-10.239836692810059,-0.16303034126758575,33.1728253364563
579.5358276367188,-455.15576171875,-87.00880432128906,18.648832321166992,-10.276135444641113,0.2858075499534607,0.0006307423464022577,-0.08349985629320145,-0.5002135634422302,0.00039149215444922447,-0.1627148538827896,-0.00014107930473983288,18.648832321166992,-10.276135444641113,0.2858075499534607,33.17797803878784
579.5358276367188,-455.15576171875,-87.00880432128906,18.648832321166992,-10.276135444641113,0.2858075499534607,0.001351912273094058,-0.09598217159509659,-0.49995049834251404,0.005161655135452747,-0.10404476523399353,0.008853379637002945,18.648832321166992,-10.276135444641113,0.2858075499534607,33.26967453956604
579.5358276367188,-455.15576171875,-87.00880432128906,18.648832321166992,-10.276135444641113,0.2858075499534607,0.001351912273094058,-0.09598217159509659,-0.49995049834251404,0.005161655135452747,-0.10404476523399353,0.008853379637002945,18.648832321166992,-10.276135444641113,0.2858075499534607,33.270689725875854
581.4005126953125,-456.1819152832031,-86.96145629882812,18.723491668701172,-10.31496524810791,0.6133970022201538,0.001351912273094058,-0.09598217159509659,-0.49995049834251404,0.005161655135452747,-0.10404476523399353,0.008853379637002945,18.723491668701172,-10.31496524810791,0.6133970022201538,33.277138233184814
581.4005126953125,-456.1819152832031,-86.96145629882812,18.723491668701172,-10.31496524810791,0.6133970022201538,0.0013630387838929892,-0.10150051862001419,-0.49918508529663086,-0.0018871206557378173,-0.025482725352048874,0.006763142067939043,18.723491668701172,-10.31496524810791,0.6133970022201538,33.374380111694336
581.4005126953125,-456.1819152832031,-86.96145629882812,18.723491668701172,-10.31496524810791,0.6133970022201538,0.0013630387838929892,-0.10150051862001419,-0.49918508529663086,-0.0018871206557378173,-0.025482725352048874,0.006763142067939043,18.723491668701172,-10.31496524810791,0.6133970022201538,33.375656843185425
583.26708984375,-457.2080993652344,-86.88829040527344,18.8046875,-10.353381156921387,0.8088904619216919,0.0013630387838929892,-0.10150051862001419,-0.49918508529663086,-0.0018871206557378173,-0.025482725352048874,0.006763142067939043,18.8046875,-10.353381156921387,0.8088904619216919,33.38003897666931
583.26708984375,-457.2080993652344,-86.88829040527344,18.8046875,-10.353381156921387,0.8088904619216919,0.0013534743338823318,-0.09999975562095642,-0.49923497438430786,-0.00022759917192161083,0.03539262339472771,-0.004026897717267275,18.8046875,-10.353381156921387,0.8088904619216919,33.47376322746277
583.26708984375,-457.2080993652344,-86.88829040527344,18.8046875,-10.353381156921387,0.8088904619216919,0.0013534743338823318,-0.09999975562095642,-0.49923497438430786,-0.00022759917192161083,0.03539262339472771,-0.004026897717267275,18.8046875,-10.353381156921387,0.8088904619216919,33.47444677352905
585.1424560546875,-458.2388916015625,-86.8053970336914,18.886089324951172,-10.392765045166016,0.8488467931747437,0.0013534743338823318,-0.09999975562095642,-0.49923497438430786,-0.00022759917192161083,0.03539262339472771,-0.004026897717267275,18.886089324951172,-10.392765045166016,0.8488467931747437,33.47845792770386
585.1424560546875,-458.2388916015625,-86.8053970336914,18.886089324951172,-10.392765045166016,0.8488467931747437,0.0017645651241764426,-0.09140810370445251,-0.49990376830101013,0.008190976455807686,0.11490446329116821,-0.005395536310970783,18.886089324951172,-10.392765045166016,0.8488467931747437,33.57373118400574
585.1424560546875,-458.2388916015625,-86.8053970336914,18.886089324951172,-10.392765045166016,0.8488467931747437,0.0017645651241764426,-0.09140810370445251,-0.49990376830101013,0.008190976455807686,0.11490446329116821,-0.005395536310970783,18.886089324951172,-10.392765045166016,0.8488467931747437,33.57421374320984
587.0219116210938,-459.27154541015625,-86.7265396118164,18.961374282836914,-10.429769515991211,0.7412936091423035,0.0017645651241764426,-0.09140810370445251,-0.49990376830101013,0.008190976455807686,0.11490446329116821,-0.005395536310970783,18.961374282836914,-10.429769515991211,0.7412936091423035,33.57977533340454
587.0219116210938,-459.27154541015625,-86.7265396118164,18.961374282836914,-10.429769515991211,0.7412936091423035,0.0015499151777476072,-0.07633253186941147,-0.500093936920166,-0.008672966621816158,0.1710694283246994,0.000981522025540471,18.961374282836914,-10.429769515991211,0.7412936091423035,33.67245626449585
587.0219116210938,-459.27154541015625,-86.7265396118164,18.961374282836914,-10.429769515991211,0.7412936091423035,0.0015499151777476072,-0.07633253186941147,-0.500093936920166,-0.008672966621816158,0.1710694283246994,0.000981522025540471,18.961374282836914,-10.429769515991211,0.7412936091423035,33.6737117767334
588.9100341796875,-460.3092041015625,-86.66747283935547,19.023557662963867,-10.464282035827637,0.48049160838127136,0.0015499151777476072,-0.07633253186941147,-0.500093936920166,-0.008672966621816158,0.1710694283246994,0.000981522025540471,19.023557662963867,-10.464282035827637,0.48049160838127136,33.677767753601074
588.9100341796875,-460.3092041015625,-86.66747283935547,19.023557662963867,-10.464282035827637,0.48049160838127136,0.0002056429657386616,-0.05535059794783592,-0.4997249245643616,-0.015334682539105415,0.22464996576309204,0.0007574302144348621,19.023557662963867,-10.464282035827637,0.48049160838127136,33.77203726768494
588.9100341796875,-460.3092041015625,-86.66747283935547,19.023557662963867,-10.464282035827637,0.48049160838127136,0.0002056429657386616,-0.05535059794783592,-0.4997249245643616,-0.015334682539105415,0.22464996576309204,0.0007574302144348621,19.023557662963867,-10.464282035827637,0.48049160838127136,33.77315354347229
590.8011474609375,-461.3484802246094,-86.64485168457031,19.06594467163086,-10.485311508178711,0.0826161652803421,0.0002056429657386616,-0.05535059794783592,-0.4997249245643616,-0.015334682539105415,0.22464996576309204,0.0007574302144348621,19.06594467163086,-10.485311508178711,0.0826161652803421,33.777175188064575
590.8011474609375,-461.3484802246094,-86.64485168457031,19.06594467163086,-10.485311508178711,0.0826161652803421,-0.0005132725345902145,-0.029816409572958946,-0.4997909665107727,-0.0032243586611002684,0.27195531129837036,0.00024606031365692616,19.06594467163086,-10.485311508178711,0.0826161652803421,33.87204718589783
590.8011474609375,-461.3484802246094,-86.64485168457031,19.06594467163086,-10.485311508178711,0.0826161652803421,-0.0005132725345902145,-0.029816409572958946,-0.4997909665107727,-0.0032243586611002684,0.27195531129837036,0.00024606031365692616,19.06594467163086,-10.485311508178711,0.0826161652803421,33.87273097038269
592.6973266601562,-462.39068603515625,-86.66806030273438,19.076505661010742,-10.49327564239502,-0.42579835653305054,-0.0005132725345902145,-0.029816409572958946,-0.4997909665107727,-0.0032243586611002684,0.27195531129837036,0.00024606031365692616,19.076505661010742,-10.49327564239502,-0.42579835653305054,33.87923765182495
592.6973266601562,-462.39068603515625,-86.66806030273438,19.076505661010742,-10.49327564239502,-0.42579835653305054,-0.0003089700185228139,-0.003342266660183668,-0.4998008906841278,0.0011499009560793638,0.25865602493286133,0.0004924640525132418,19.076505661010742,-10.49327564239502,-0.42579835653305054,33.97193622589111
592.6973266601562,-462.39068603515625,-86.66806030273438,19.076505661010742,-10.49327564239502,-0.42579835653305054,-0.0003089700185228139,-0.003342266660183668,-0.4998008906841278,0.0011499009560793638,0.25865602493286133,0.0004924640525132418,19.076505661010742,-10.49327564239502,-0.42579835653305054,33.972357511520386
594.5913696289062,-463.4317626953125,-86.7476577758789,19.054067611694336,-10.479364395141602,-0.999620795249939,-0.0003089700185228139,-0.003342266660183668,-0.4998008906841278,0.0011499009560793638,0.25865602493286133,0.0004924640525132418,19.054067611694336,-10.479364395141602,-0.999620795249939,33.977226972579956
594.5913696289062,-463.4317626953125,-86.7476577758789,19.054067611694336,-10.479364395141602,-0.999620795249939,-0.00020866420527454466,0.022175941616296768,-0.4998584985733032,0.0046490090899169445,0.252122700214386,0.0013080881908535957,19.054067611694336,-10.479364395141602,-0.999620795249939,34.07137441635132
594.5913696289062,-463.4317626953125,-86.7476577758789,19.054067611694336,-10.479364395141602,-0.999620795249939,-0.00020866420527454466,0.022175941616296768,-0.4998584985733032,0.0046490090899169445,0.252122700214386,0.0013080881908535957,19.054067611694336,-10.479364395141602,-0.999620795249939,34.07198476791382
596.4835815429688,-464.47186279296875,-86.8830337524414,18.996042251586914,-10.447959899902344,-1.5574039220809937,-0.00020866420527454466,0.022175941616296768,-0.4998584985733032,0.0046490090899169445,0.252122700214386,0.0013080881908535957,18.996042251586914,-10.447959899902344,-1.5574039220809937,34.075337409973145
596.4835815429688,-464.47186279296875,-86.8830337524414,18.996042251586914,-10.447959899902344,-1.5574039220809937,0.00016979411884676665,0.047197334468364716,-0.4997151792049408,0.0003855316899716854,0.2428654283285141,0.004555991850793362,18.996042251586914,-10.447959899902344,-1.5574039220809937,34.176259994506836
596.4835815429688,-464.47186279296875,-86.8830337524414,18.996042251586914,-10.447959899902344,-1.5574039220809937,0.00016979411884676665,0.047197334468364716,-0.4997151792049408,0.0003855316899716854,0.2428654283285141,0.004555991850793362,18.996042251586914,-10.447959899902344,-1.5574039220809937,34.17683529853821
598.3674926757812,-465.5072021484375,-87.07444763183594,18.909210205078125,-10.399325370788574,-2.101484537124634,0.00016979411884676665,0.047197334468364716,-0.4997151792049408,0.0003855316899716854,0.2428654283285141,0.004555991850793362,18.909210205078125,-10.399325370788574,-2.101484537124634,34.180784463882446
598.3674926757812,-465.5072021484375,-87.07444763183594,18.909210205078125,-10.399325370788574,-2.101484537124634,0.0003435137332417071,0.06930078566074371,-0.49956077337265015,0.002290820935741067,0.2030567228794098,0.00017237081192433834,18.909210205078125,-10.399325370788574,-2.101484537124634,34.275842905044556
598.3674926757812,-465.5072021484375,-87.07444763183594,18.909210205078125,-10.399325370788574,-2.101484537124634,0.0003435137332417071,0.06930078566074371,-0.49956077337265015,0.002290820935741067,0.2030567228794098,0.00017237081192433834,18.909210205078125,-10.399325370788574,-2.101484537124634,34.276652812957764
600.2660522460938,-466.5502624511719,-87.32300567626953,18.80074691772461,-10.335732460021973,-2.604623556137085,0.0003435137332417071,0.06930078566074371,-0.49956077337265015,0.002290820935741067,0.2030567228794098,0.00017237081192433834,18.80074691772461,-10.335732460021973,-2.604623556137085,34.28061485290527
600.2660522460938,-466.5502624511719,-87.32300567626953,18.80074691772461,-10.335732460021973,-2.604623556137085,0.0007985911797732115,0.08589202165603638,-0.49994969367980957,0.00604464765638113,0.14945104718208313,-0.007263061590492725,18.80074691772461,-10.335732460021973,-2.604623556137085,34.37514042854309
